date,title
2010-01-05,Glatfelter to acquire Concert Industries - Reuters
2010-01-05,Glatfelter to acquire Concert Industries - Reuters
2010-01-05,Glatfelter to acquire Concert Industries - Reuters
2010-01-05,Glatfelter to acquire Concert Industries - Reuters
2010-01-06,Indice ISM no manufacturero EEUU sube en diciembre - Reuters
2010-01-06,Indice ISM no manufacturero EEUU sube en diciembre - Reuters
2010-01-06,Tribal wars - Reuters
2010-01-06,Tribal wars - Reuters
2010-01-06,High seas clash over whaling - Reuters
2010-01-06,High seas clash over whaling - Reuters
2010-01-07,U.S. Interior Secretary Salazar says will stay put - Reuters
2010-01-07,Gallinari three-pointers help Knicks past Bobcats - Reuters
2010-01-07,U.S. Interior Secretary Salazar says will stay put - Reuters
2010-01-07,Gallinari three-pointers help Knicks past Bobcats - Reuters
2010-01-09,Fourth church attacked in Malaysia as Allah row deepens - Reuters
2010-01-09,Fourth church attacked in Malaysia as Allah row deepens - Reuters
2010-01-09,Fourth church attacked in Malaysia as Allah row deepens - Reuters
2010-01-09,Tight-lipped Williams eyeing Australian Open success - Reuters
2010-01-09,Tight-lipped Williams eyeing Australian Open success - Reuters
2010-01-09,Fourth church attacked in Malaysia as Allah row deepens - Reuters
2010-01-09,Tight-lipped Williams eyeing Australian Open success - Reuters
2010-01-09,Tight-lipped Williams eyeing Australian Open success - Reuters
2010-01-11,Record-breaking McGwire admits steroid use - Reuters
2010-01-11,El suicida de la CIA instó a más ataques antes de inmolarse - Reuters
2010-01-11,Record-breaking McGwire admits steroid use - Reuters
2010-01-11,El suicida de la CIA instó a más ataques antes de inmolarse - Reuters
2010-01-11,Turkish c.bank to hold 1 bln lira repo auction - Reuters
2010-01-11,Turkish c.bank to hold 1 bln lira repo auction - Reuters
2010-01-13,Soccer-United switch attention from boardroom to Burnley - Reuters
2010-01-13,Soccer-United switch attention from boardroom to Burnley - Reuters
2010-01-13,"لموشية يترك منتخب الجزائر في انجولا ""لأسباب عائلية"" - Reuters"
2010-01-13,Soccer-United switch attention from boardroom to Burnley - Reuters
2010-01-13,"لموشية يترك منتخب الجزائر في انجولا ""لأسباب عائلية"" - Reuters"
2010-01-13,Soccer-United switch attention from boardroom to Burnley - Reuters
2010-01-13,اوباما يعلن يوم الخميس اجراءات لاستعادة الاموال التي أنقذت البنوك - Reuters
2010-01-13,اوباما يعلن يوم الخميس اجراءات لاستعادة الاموال التي أنقذت البنوك - Reuters
2010-01-14,Timeline: Key events in U.S. war on drugs in Latin America - Reuters
2010-01-14,Timeline: Key events in U.S. war on drugs in Latin America - Reuters
2010-01-15,Merkel dismisses market rumor she is to quit - Reuters
2010-01-15,Haiti: The victims - Reuters
2010-01-15,Charles Stanley - Reuters
2010-01-15,Merkel dismisses market rumor she is to quit - Reuters
2010-01-15,Charles Stanley - Reuters
2010-01-15,Haiti: The victims - Reuters
2010-01-16,Mexico shuts Gulf oil ports due to bad weather - Reuters
2010-01-16,Mexico shuts Gulf oil ports due to bad weather - Reuters
2010-01-17,Guttenberg begrüßt Verständigung mit SPD über Afghanistan-Mandat - Reuters
2010-01-17,"Iraq's ""Chemical Ali"" gets 4th death sentence - Reuters"
2010-01-17,"Iraq's ""Chemical Ali"" gets 4th death sentence - Reuters"
2010-01-17,Guttenberg begrüßt Verständigung mit SPD über Afghanistan-Mandat - Reuters
2010-01-17,"Iraq's ""Chemical Ali"" gets 4th death sentence - Reuters"
2010-01-17,Guttenberg begrüßt Verständigung mit SPD über Afghanistan-Mandat - Reuters
2010-01-18,Obama's State of Union speech forces TV shuffle - Reuters
2010-01-18,JAL fuel hedges mainly Brent forwards -source - Reuters
2010-01-19,Little lizards make big money for villagers - Reuters
2010-01-21,Honky-tonk star Carl Smith dies at 82 - Reuters
2010-01-21,Honky-tonk star Carl Smith dies at 82 - Reuters
2010-01-22,Women of southern Yemen port remember better times - Reuters
2010-01-22,The Walking Company seeks to close 40 more stores - Reuters
2010-01-22,"Фестиваль ""Сандэнс"" открылся поэмой битника - Reuters"
2010-01-25,Maple Leaf cancels shifts due to Canada blizzard - Reuters
2010-01-25,Options trading to simplify with new symbols: OCC - Reuters
2010-01-25,IFR-Colombiana Findeter analiza emisión local 225.000 mln pesos - Reuters
2010-01-25,"""Bonanza"" star Pernell Roberts dies at 81 - Reuters"
2010-01-25,AIG restricts use of corporate aircraft - Reuters
2010-01-25,AIG restricts use of corporate aircraft - Reuters
2010-01-25,IFR-Colombiana Findeter analiza emisión local 225.000 mln pesos - Reuters
2010-01-27,China and the U.S. - Reuters
2010-01-27,SolarWinds buys some assets from software firm Tek-Tools - Reuters
2010-01-27,Remembering the Holocaust - Reuters
2010-01-27,Q+A-Apple unveils iPad tablet PC - Reuters
2010-01-28,Irn-Bru maker A.G. Barr expects to beat forecasts - Reuters
2010-01-29,Pictures of the Decade - Reuters
2010-01-29,Pictures of the Decade - Reuters
2010-01-29,Urban Outfitters to replace ACS in S&P 500 - Reuters
2010-01-29,Urban Outfitters to replace ACS in S&P 500 - Reuters
2010-02-01,"Comedy pilot ""Couples"" pairs with NBC - Reuters"
2010-02-03,"Birth month can influence sports success, study says - Reuters"
2010-02-03,China president calls for shift in growth model - Reuters
2010-02-03,Leif Garrett arrested for heroin possession - Reuters
2010-02-04,U.S. missionaries in Haiti charged with child kidnap - Reuters
2010-02-05,"Risco de radiação de scanner em aeroporto é baixo,dizem agências - Reuters"
2010-02-05,"TENIS-Monfils, Ferrer y López acceden a semis en Sudáfrica - Reuters"
2010-02-09,Mariners' Cliff Lee has surgery on left foot - Reuters
2010-02-09,Bowel disease flare-ups raise risk of blood clots - Reuters
2010-02-09,Google warns Chinese knock-off to stop using logo - Reuters
2010-02-10,Somali prostitutes of Yemen - Reuters
2010-02-11,Julio Simoes de Brasil anuncia oferta de acciones - Reuters
2010-02-12,Hot Modern Rock Tracks for the 2/20/2010 issue - Reuters
2010-02-12,Hot Modern Rock Tracks for the 2/20/2010 issue - Reuters
2010-02-14,Bomb blast in Pune - Reuters
2010-02-14,"The Knack lead singer Doug Fieger, 57, dies - Reuters"
2010-02-14,Good Tech wins global licensing deal with LG - Reuters
2010-02-16,"Weather woes not a problem for athletes, Canada says - Reuters"
2010-02-16,Mexican moguls to face off in wireless industry - Reuters
2010-02-16,"Weather woes not a problem for athletes, Canada says - Reuters"
2010-02-16,Figure skater Brian Joubert hit by Olympic jinx again - Reuters
2010-02-16,Figure skater Brian Joubert hit by Olympic jinx again - Reuters
2010-02-17,Furry fashion - Reuters
2010-02-17,Short Track-Women's 500m final b result - Reuters
2010-02-20,Factbox - Key posts held by former Secretary of State Haig - Reuters
2010-02-20,"Golf-Poulter cruises into final, second semi halted - Reuters"
2010-02-20,"Golf-Poulter cruises into final, second semi halted - Reuters"
2010-02-21,FACTBOX-Olympics-Biathlon-Gold medallist Evgeny Ustyugov - Reuters
2010-02-22,Flash floods in Madeira - Reuters
2010-02-22,Starwood Hotels has its eyes on China - Reuters
2010-02-23,U.S. CFTC to examine trading in metals markets - Reuters
2010-02-23,A sunken town rises - Reuters
2010-02-24,Wanted by Dubai - Reuters
2010-02-25,"Web designers announce IE6's 'death,' slate party - Reuters"
2010-02-25,India to auction 3-4 3G slots across telecom zones-govt - Reuters
2010-02-25,Factbox: Gold medalist Alexei Grishin - Reuters
2010-02-26,Croatian championship result and standings - Reuters
2010-02-27,Marie Osmond's son kills self in jump from building - Reuters
2010-02-27,South Africa 365-2 v India - final ODI - innings - Reuters
2010-02-28,AWB completes lending and deposit book sales to ANZ - Reuters
2010-02-28,Factbox: Iraq's most influential people - Reuters
2010-02-28,Factbox: Iraq's most influential people - Reuters
2010-02-28,AWB completes lending and deposit book sales to ANZ - Reuters
2010-03-01,Toyota to replace oil hose in 933800 US cars - Reuters
2010-03-01,"Chile mines reopen after quake, power coming back - Reuters"
2010-03-02,Twitter shares its 'firehose' of tweets with more partners - Reuters
2010-03-02,"UPDATE 1-AstraZeneca drops psychiatric, other drug research - Reuters"
2010-03-02,New Issue-Express LLC sells $250 mln in 8-yr senior notes - Reuters
2010-03-02,Saudi crude output still down from 2008 -Aramco - Reuters
2010-03-03,Obama's diet - Reuters
2010-03-03,Obama's diet - Reuters
2010-03-05,"Dramatics founder Ron Banks, 58, dies - Reuters"
2010-03-06,"CNOOC, Total pitch oil plans to Ugandan government - Reuters"
2010-03-06,Redbone singer Lolly Vegas dies in Los Angeles - Reuters
2010-03-07,Sandra Bullock: Best and worst actress - Reuters
2010-03-07,Sandra Bullock: Best and worst actress - Reuters
2010-03-07,Is a woman's place in the home? 1 in 4 say yes - Reuters
2010-03-08,Oldest American dies at 114 - Reuters
2010-03-09,Gobierno cubano reemplaza a jefe de aeronáutica civil - Reuters
2010-03-09,EU extends review of Cisco/Tandberg deal - Reuters
2010-03-10,Paris Fashion Week - Reuters
2010-03-11,"FUTBOL-Balotelli de Inter, baja en duelo con Catania por lesión - Reuters"
2010-03-11,"Sensata begins trade at $18, matching IPO price - Reuters"
2010-03-11,"Steve Martin watching birds in ""Big Year"" comedy - Reuters"
2010-03-11,Oldest person in the world? - Reuters
2010-03-11,"Steve Martin watching birds in ""Big Year"" comedy - Reuters"
2010-03-11,CERAWEEK-UPDATE 1-U.S. utilities ponder carbon-free future - Reuters
2010-03-12,American Idol Top 12 - Reuters
2010-03-12,Vienna Boys Choir admits possible sexual abuses - Reuters
2010-03-12,Loaded-up bicycles - Reuters
2010-03-15,Busted Beckham - Reuters
2010-03-15,Sony in $250 mln deal with Jackson's estate-WSJ - Reuters
2010-03-15,Busted Beckham - Reuters
2010-03-15,Sony in $250 mln deal with Jackson's estate-WSJ - Reuters
2010-03-16,Surfing alpaca - Reuters
2010-03-16,Mia Maestro reemplaza a Roselyn Sánchez en piloto de televisión - Reuters
2010-03-16,Shortest man dies - Reuters
2010-03-17,Internet piracy taking big toll on jobs - Reuters
2010-03-17,Rheumatoid arthritis tied to pregnancy complications - Reuters
2010-03-19,Indonesia Market factors to watch - March 19 - Reuters
2010-03-19,Boy freed after Pakistan kidnap - Reuters
2010-03-19,Indonesia Market factors to watch - March 19 - Reuters
2010-03-19,Boy freed after Pakistan kidnap - Reuters
2010-03-19,ShoWest awards - Reuters
2010-03-19,ShoWest awards - Reuters
2010-03-22,Maguire Properties posts higher negative FFO - Reuters
2010-03-22,"William Hurt e Isabella Rossellini actuarán en ""Late Bloomers"" - Reuters"
2010-03-22,Katherine Heigl's wardrobe malfunction - Reuters
2010-03-23,Fed's Yellen says open to Fed vice chairman job - Reuters
2010-03-23,European court rules Google's ad model is legal - ロイター (Reuters Japan)
2010-03-23,Opera applies for its browser to get iPhone access - Reuters
2010-03-23,Fed's Yellen says open to Fed vice chairman job - Reuters
2010-03-23,"Chinese express regret, anger at Google move - Reuters"
2010-03-23,European court rules Google's ad model is legal - ロイター (Reuters Japan)
2010-03-23,"Chinese express regret, anger at Google move - Reuters"
2010-03-24,Twitterers go offline in the name of charity - Reuters
2010-03-25,Bangladesh sets up war crimes tribunal - Reuters
2010-03-25,"French Invivo, RAGT SA combine seed units - Reuters"
2010-03-26,Des soutiens pour l'officier radié de la gendarmerie - Reuters
2010-03-27,White House gate-crashers get TV show parts-report - Reuters
2010-03-27,Profile: Dennis Hopper - Reuters
2010-03-28,"Ibrahimovic ""back pass"" has Spanish pundits purring - Reuters"
2010-03-31,Pfizer paid $35 mln to doctors over 6 months - Reuters
2010-03-31,Nigeria's Senate confirms 38 new ministers - Reuters
2010-03-31,Millicom says sale of Lao operations fallen through - Reuters
2010-03-31,Las azafatas de Air Comet se desnudan para reclamar su sueldo - Reuters
2010-04-01,"ФУТБОЛ-Фабрегас боится, что сломал ногу - Reuters"
2010-04-02,The art of eggs - Reuters
2010-04-02,The art of eggs - Reuters
2010-04-06,Bodies of nine Mumbai gunmen buried secretly in January - Reuters
2010-04-06,Tech watch - Reuters
2010-04-06,Madonna and daughter - Reuters
2010-04-06,"Actor, activist Corin Redgrave dies aged 70 - Reuters"
2010-04-06,Dressed to Kilt - Reuters
2010-04-06,Bodies of nine Mumbai gunmen buried secretly in January - Reuters
2010-04-07,"U.N. shocked by Kyrgyzstan deaths, urges restraint - Reuters"
2010-04-07,Daewoo Motor Sales seeks debt rescheduling -creditor - Reuters
2010-04-07,Factbox - Kyrgyz opposition leader - Reuters
2010-04-09,Stressed by slow computers? You are not alone - Reuters
2010-04-12,Regulators failed to supervise Washington Mutual: report - Reuters
2010-04-12,FUTBOL-Suspenden jugador en Chile por insultos racistas Espinoza - Reuters
2010-04-12,"Taiwan's male ""Whitney Houston"" - Reuters"
2010-04-12,Ballet backstage - Reuters
2010-04-12,Remembering Hiro - Reuters
2010-04-12,China says finds 1.12 bln T oil reserves in 2009 - Reuters
2010-04-13,Onesteel says shuts blast furnace until Wednesday - Reuters
2010-04-13,Most kids with form of 'cross-eyes' become nearsighted - Reuters
2010-04-13,"Twitter Like a Pro: Get Started, Find Deals, Manage Groups - Reuters"
2010-04-15,FACTBOX-What is an iron ore swap contract? - Reuters
2010-04-15,UN's Congo trip dominated by peacekeepers' exit - Reuters
2010-04-15,Melissa Etheridge and partner split - Reuters
2010-04-15,Marines pay Afghan farmers to destroy opium - Reuters
2010-04-16,Yankees put Park on DL - Reuters
2010-04-16,Vandals cover Rio's Christ statue with graffiti - Reuters
2010-04-17,Empeora la situación del tráfico aéreo europeo por la ceniza - Reuters
2010-04-18,"3D TVs new battleground for plasma, LCD display makers - ロイター (Reuters Japan)"
2010-04-18,Modern Etiquette: We interrupt this meeting for an email - Reuters
2010-04-18,Modern Etiquette: We interrupt this meeting for an email - Reuters
2010-04-19,"Suben los títulos líderes EEUU, reconsiderando el daño a Goldman - Reuters"
2010-04-20,G20 must make Basel III top priority: sources - Reuters
2010-04-21,Infotech Enterprises board OKs 1-for-1 bonus - Reuters
2010-04-22,Lisa Ray - A Profile - Reuters
2010-04-22,Lionbridge shares soar on deal with IBM - Reuters
2010-04-22,Moody's places CMBS Class of BACM 2008-LS1 on review - Reuters
2010-04-22,Lionbridge shares soar on deal with IBM - Reuters
2010-04-22,Moody's places CMBS Class of BACM 2008-LS1 on review - Reuters
2010-04-22,All things Shrek - Reuters
2010-04-22,Lisa Ray - A Profile - Reuters
2010-04-22,All things Shrek - Reuters
2010-04-23,"After 710 deaths, drug pumps under greater scrutiny - Reuters"
2010-04-24,Inflation expectations in China on rise: economist - Reuters
2010-04-26,Bullfighter gored - Reuters
2010-04-27,TransAlta to reduce Wash. Centralia CO2 emissions - Reuters
2010-04-28,US Coast Guard says to set leaking oil ablaze - Reuters
2010-04-28,China's Baidu sees big e-commerce potential - Reuters
2010-04-28,Sandra Bullock files for divorce - Reuters
2010-04-30,"Turkey, Brazil brokering Iran nuclear deal - Reuters"
2010-05-01,May Day protests - Reuters
2010-05-01,May Day protests - Reuters
2010-05-02,BofA-Merrill taps Bhatia for India role - memo - Reuters
2010-05-02,NVC Lighting targets up to $272 million in HK IPO: source - Reuters
2010-05-03,Little people overcome barriers - Reuters
2010-05-03,Barbara Mori - A profile - Reuters
2010-05-04,Mexico stocks sink to 8-week low on Greece worries - Reuters
2010-05-04,White poverty in South Africa - Reuters
2010-05-05,"U.S. rejects nighttime Tylenol, Excedrin study - Reuters"
2010-05-06,Russian forces seize oil tanker from Somali pirates - Reuters
2010-05-06,Bayer wins U.S. approval for new birth control pill - Reuters
2010-05-07,Cryptologic Q1 loss widens on subdued wagering activity - Reuters
2010-05-10,FUTBOL-Problema tobillo impide que Van Basten piense en AC Milan - Reuters
2010-05-10,Gecina shareholders reject Spanish deal - Reuters
2010-05-11,Afghan girls hit again by suspected gas attack - Reuters
2010-05-12,Isewan Terminal Service <9359.NG>-2009/10 group - Reuters
2010-05-12,Six Flags abruptly names interim CEO; Shapiro out - Reuters
2010-05-13,"Ganancia eléctrica brasileña CTEEP cae 12,3 pct en 1er trimestre - Reuters"
2010-05-13,TXBB <3786.T>-2009/10 parent results - Reuters
2010-05-13,بريطانيا توقف بيع الاوراق فئة 500 يورو في مكاتب الصرافة - Reuters
2010-05-13,"Ganancia eléctrica brasileña CTEEP cae 12,3 pct en 1er trimestre - Reuters"
2010-05-13,TXBB <3786.T>-2009/10 parent results - Reuters
2010-05-13,بريطانيا توقف بيع الاوراق فئة 500 يورو في مكاتب الصرافة - Reuters
2010-05-14,Music stars pay tribute to producer's love of jazz - Reuters
2010-05-14,Tokio Hotel guitarist falls ill after taking Viagra - Reuters
2010-05-14,"UK mediator invites BA, union to talks - Reuters"
2010-05-16,"Heavy metal veteran Ronnie James Dio dies, aged 67 - Reuters"
2010-05-17,Arab-American Miss USA - Reuters
2010-05-18,Australia's AWB aims to seal Gavilon deal end June - Reuters
2010-05-18,Child brides - Reuters
2010-05-19,Dutch regulator: no current plan for short-selling ban - Reuters
2010-05-19,New Zealand bid to make their point - Reuters
2010-05-19,Brazil forex inflows total $2.736 bln to May 14 - Reuters
2010-05-20,Jet Air Q4 net rises; FY10 loss narrows as traffic improves - Reuters
2010-05-20,UK arrests four more in suspected CO2 tax probe - Reuters
2010-05-21,"Indice IFO clima empresarial mayo Alemania 101,5 - Reuters"
2010-05-21,Google tries where others failed: shaking up TV biz - Reuters
2010-05-21,Conceptual lingerie - Reuters
2010-05-21,Google tries where others failed: shaking up TV biz - Reuters
2010-05-21,"Indice IFO clima empresarial mayo Alemania 101,5 - Reuters"
2010-05-23,Inter Milan wins final - Reuters
2010-05-24,Lindsay Lohan's DUI case - Reuters
2010-05-24,Timeline: History of central bank intervention - Reuters
2010-05-24,Phil Spector produz novo álbum -- para a sua esposa - Reuters
2010-05-26,Russian grocer Dixy's sales pick up in April - Reuters
2010-05-26,Acquisition of Gulfsands Petroleum on radar:Oil India - Reuters
2010-05-26,Apple controls 70% of U.S. music download biz - Reuters
2010-05-26,Strike shuts Honda's China assembly plants: report - Reuters
2010-05-26,Mauritius won't devalue rupee on euro woes: c.bank - Reuters
2010-05-28,Уолл-стрит открылась в минусе после статистики - Reuters
2010-05-28,Actor Gary Coleman muere a los 42 años - Reuters
2010-05-31,Fiorentina slam Italy over Prandelli appointment - Reuters
2010-05-31,Most sore throats don't need steroids - Reuters
2010-06-01,Sculptor Louise Bourgeois dies aged 98: report - Reuters
2010-06-01,Al and Tipper Gore - Reuters
2010-06-02,Banco de México otorga primer crédito en mercado secundario - Reuters
2010-06-03,"Chile peso slips, stocks near lifetime highs - Reuters"
2010-06-04,IIFA Awards - Reuters
2010-06-04,"Airbus hits 30 A380 deliveries, keeps 2010 goal - Reuters"
2010-06-04,IIFA Awards - Reuters
2010-06-04,"Airbus hits 30 A380 deliveries, keeps 2010 goal - Reuters"
2010-06-05,Turks killed in ship raid shot multiple times - Reuters
2010-06-07,Caribbean fashion - Reuters
2010-06-07,Marvin Isley of Isley Brothers dies at age 56 - Reuters
2010-06-07,Webber se quedará con Red Bull en 2011 - Reuters
2010-06-07,Israel storms Gaza-bound ship - Reuters
2010-06-07,Hommes et femmes de l'UE restent inégaux devant l'éducation - Reuters
2010-06-08,India ONGC says no govt plans for share sale - Reuters
2010-06-08,India ONGC says no govt plans for share sale - Reuters
2010-06-09,Shakira gives dance lesson in South Africa township - Reuters
2010-06-09,"Motorola: Droid sales ""extremely"" strong - Reuters"
2010-06-09,"As Pakistan stares at India, India eyes the world - Reuters"
2010-06-09,Hijo de antiguo jefe del Cartel de Cali queda libre en EEUU - Reuters
2010-06-10,"1,000 pound aspiration - Reuters"
2010-06-10,World-Six injured at Cape Town World Cup fan zone - Reuters
2010-06-14,Clinton: Africa must launch tough economic reforms - Reuters
2010-06-15,Cloud-gaming service OnLive set for launch - Reuters
2010-06-15,STOCKS NEWS EUROPE-UK small caps gain 0.1 pct midday - Reuters
2010-06-15,BP says cap collected 15420 barrels of oil Monday - Reuters
2010-06-16,CSC wins $135 mln U.S. Navy contract - Reuters
2010-06-16,Nigerian fuel retailer MRS Oil returns to profit - Reuters
2010-06-16,CSC wins $135 mln U.S. Navy contract - Reuters
2010-06-17,SunTrust continues to review options on RidgeWorth - Reuters
2010-06-17,"Adolor's pain drugs fail in mid-stage trial, shrs fall - Reuters"
2010-06-17,"Facebook es rentable, ingresos 2009 cerca 800 mln dlrs: fuentes - Reuters"
2010-06-18,Arsenic could kill millions in Bangladesh - Reuters
2010-06-19,Fewer Afghan civilians hurt: NATO - Reuters
2010-06-20,Obama to host Saudi King Abdullah on June 29 - Reuters
2010-06-20,Obama to host Saudi King Abdullah on June 29 - Reuters
2010-06-21,Perdriel group Le Monde bid over 100 mln eur-source - Reuters
2010-06-21,ArcSoft PhotoImpression Suits Casual Photographers - Reuters
2010-06-21,"PetSmart gets board nod to raise dividend, buy shares - Reuters"
2010-06-23,"JGB 10-yr yield hits 18-mth low, fiscal hopes support - Reuters"
2010-06-23,White House will appeal ruling on drilling - Reuters
2010-06-23,FACTBOX-Tennis-John Isner v Nicolas Mahut - the records - Reuters
2010-06-24,World Cup's small fry learning to bite back - Frei - Reuters
2010-06-25,Factbox: How a relief well works - Reuters
2010-06-26,India PM: Global economic recovery tentative - Reuters
2010-06-26,Soccer-World-Alonso a serious doubt for Portugal clash - Reuters
2010-06-28,CEZ eyes Temelin unit 2 restart this week - Reuters
2010-06-28,New Issue-Phibro Animal Health sells $275 mln in notes - Reuters
2010-06-28,BET Awards - Reuters
2010-06-28,CEZ eyes Temelin unit 2 restart this week - Reuters
2010-06-28,New Issue-Phibro Animal Health sells $275 mln in notes - Reuters
2010-06-28,Senator Robert Byrd dies at 92 - Reuters
2010-06-28,"Средневзвешенная ставка однодневного репо - 5,12%, объем - 0,4 млрд р - Reuters"
2010-06-29,Philippines' Aquino names Purisima as Finance Secy - Reuters
2010-06-29,Petrobras says no Plan B for capitalization - Reuters
2010-06-30,Q+A - How Europe will stress-test its banks - Reuters
2010-07-01,RBS sells London's Cumberland Hotel for £215 million - Reuters
2010-07-02,Truvo default swaps to be settled by auction-ISDA - Reuters
2010-07-03,Fuel tanker explosion kills over 230 in Congo - Reuters
2010-07-03,Mexican musicians wary after latest murder - Reuters
2010-07-03,Tearful Zvonareva suffers second final defeat in a day - Reuters
2010-07-03,Tearful Zvonareva suffers second final defeat in a day - Reuters
2010-07-05,Scientists find blood protein link to Alzheimer's - Reuters
2010-07-05,Do video games cause attention problems in kids? - Reuters
2010-07-06,Malaysia's CIMB eyes more private banking assets - Reuters
2010-07-06,Restrictive Lollapalooza contract draws state scrutiny - Reuters
2010-07-07,Analysis - Fragmented backlash against Europe's austerity - Reuters
2010-07-07,Sweden's Hexagon buys Intergraph for $2.1 bln - Reuters
2010-07-07,Delek restarts Tyler refinery sat gas unit -filing - Reuters
2010-07-07,Delek restarts Tyler refinery sat gas unit -filing - Reuters
2010-07-08,Football: Rafael Nadal actionnaire du Real Majorque - Reuters
2010-07-08,Hands On: Firefox 4 Beta 1 - Reuters
2010-07-09,Angola FLEC leaders call off war in Cabinda - Reuters
2010-07-09,LeBron chooses Miami - Reuters
2010-07-09,FUTBOL-Argentino Dátolo jugará en el Espanyol - Reuters
2010-07-12,Tax cut extension debate will be later in 2010-W.House - Reuters
2010-07-13,Laughter yoga - Reuters
2010-07-13,"Mercury poisoning, the dark side of Colombia's gold boom - Reuters"
2010-07-13,"Illeana Douglas to guest on ""Entourage"" - Reuters"
2010-07-13,"Unlike BP's, natural oil seeps can help sea life - Reuters"
2010-07-14,Toyota to fix over 735000 cars outside recall - Reuters
2010-07-14,Gout drug colchicine safe in pregnancy: study - Reuters
2010-07-14,Breakingviews - US oil refining capacity down first time since 2003 - Reuters
2010-07-16,"IMM-Speculators short dlr, 1st time since March-CFTC - Reuters"
2010-07-17,Tottenham held to 0-0 in North American tour opener - Reuters
2010-07-18,Fifteen wounded in suicide attack in Pakistan - Reuters
2010-07-19,Wisconsin man weds Tuva woman - Reuters
2010-07-19,Top pick Wall named most outstanding in summer rookie league - Reuters
2010-07-19,Wisconsin man weds Tuva woman - Reuters
2010-07-19,Train collision in West Bengal - Reuters
2010-07-19,Train collision in West Bengal - Reuters
2010-07-19,China seals oil port after spill - Reuters
2010-07-20,Alfa Laval sees about 24 bln sek sales this year - Reuters
2010-07-21,Music can boost language skills - Reuters
2010-07-23,Brazil snubbed as club refuse to release Ramalho - Reuters
2010-07-23,Charlie Rich's songwriter widow dead at 76 - Reuters
2010-07-23,Charlie Rich's songwriter widow dead at 76 - Reuters
2010-07-23,Brazil snubbed as club refuse to release Ramalho - Reuters
2010-07-25,China Dalian oil spill cleaned 9 days after accident - Reuters
2010-07-26,Mexicana Axtel reporta pérdida 220 mln pesos en 2do trimestre - Reuters
2010-07-26,EU launches two anti-trust probes against IBM - Reuters
2010-07-26,"Angelina Jolie spurs Russian patriotism at ""Salt"" Moscow show - Reuters"
2010-07-27,New Issue-Barbados sells $200 mln notes - Reuters
2010-07-27,Factbox - CPPIB charts growth with swathe of acquisitions - Reuters
2010-07-27,Factbox - CPPIB charts growth with swathe of acquisitions - Reuters
2010-07-27,"Candidate's daughter to voters: ""Don't vote for my dad"" - Reuters"
2010-07-27,"Candidate's daughter to voters: ""Don't vote for my dad"" - Reuters"
2010-07-28,Kawasaki Kisen <9107.T>-6-month group forecast - Reuters
2010-07-28,No survivors in Pakistan plane crash - Reuters
2010-07-29,Ecouter n'importe quel mobile serait simple comme bonjour - Reuters
2010-08-02,"Chelsea Clinton marries in ""royal wedding"" - Reuters"
2010-08-02,"Chelsea Clinton marries in ""royal wedding"" - Reuters"
2010-08-02,Lasith Malinga: A Profile - Reuters
2010-08-02,Lasith Malinga: A Profile - Reuters
2010-08-04,Body Art - Reuters
2010-08-04,Telefonica buys most of social network site Tuenti - Reuters
2010-08-04,"Dog chews off Michigan man's toe, saves his life - Reuters"
2010-08-05,Mexico drug cartels use gory videos to spread fear - Reuters
2010-08-09,Little evidence antidepressants helpful for autism - Reuters
2010-08-09,CORRECTED-(OFFICIAL)-Cosmos Pharma<3349.T>9M res - Reuters
2010-08-10,Telefónica Móviles Colombia emitirá bonos por casi 200 mln dlr - Reuters
2010-08-10,MediBic Group <2369.T>-6-month group forecast - Reuters
2010-08-10,Blackstone in talks to buy Polymer-source - Reuters
2010-08-10,Telefónica Móviles Colombia emitirá bonos por casi 200 mln dlr - Reuters
2010-08-10,MediBic Group <2369.T>-6-month group forecast - Reuters
2010-08-11,Germany says drops idea of coal power plant tax - Reuters
2010-08-12,BF Utilities unit to sell 10 pct to PE fund-report - Reuters
2010-08-13,Highfields Capital's co-founder Grubman to retire - Reuters
2010-08-13,Google expands Voice Search with new actions - Reuters
2010-08-16,Vying to be Miss Universe - Reuters
2010-08-16,Demand for high-speed rail funding swells - Reuters
2010-08-16,Chevron makes major gas discovery off W.Australia - Reuters
2010-08-17,RusTech to create medical equipment JV with GE - Reuters
2010-08-17,Netanjahu: Hoffen auf direkte Friedensgespräche in Kürze - Reuters
2010-08-18,Canada says may participate in GM's IPO - Reuters
2010-08-18,Spanish bad debt ratio 5.35 pct in June -cenbank - Reuters
2010-08-18,BHP switches advisers as bankers eye fee bonanza - Reuters
2010-08-18,Spanish bad debt ratio 5.35 pct in June -cenbank - Reuters
2010-08-18,Dr. Laura to end radio talk show after racial slurs - Reuters
2010-08-18,BHP switches advisers as bankers eye fee bonanza - Reuters
2010-08-20,: Disease risks in Pakistan flood zone - Reuters
2010-08-23,Radiologists call for curbs on overuse of imaging - Reuters
2010-08-23,Tevez on target as Man City beat Liverpool 3-0 - Reuters
2010-08-23,There's more to an IT career than technology - Reuters
2010-08-25,Poland - Factors to Watch on Aug 25 - Reuters
2010-08-25,PetroChina to start small new refinery in north China - Reuters
2010-08-26,T-shirt explains Philadelphia's blunt speech - Reuters
2010-08-26,T-shirt explains Philadelphia's blunt speech - Reuters
2010-08-27,"Resources, financials lead TSX sharply higher - Reuters"
2010-08-27,AT&T sees $800 million Q3 gain from Sterling sale - Reuters
2010-08-28,Paris Hilton presa por porte de cocaína--site TMZ - Reuters
2010-08-30,Mass shooting in Slovakia - Reuters
2010-08-31,Wolfsburg playmaker Misimovic joins Turkey's Galatasaray - Reuters
2010-08-31,Wolfsburg playmaker Misimovic joins Turkey's Galatasaray - Reuters
2010-08-31,No leaks reported in test of Enbridge oil pipeline - Reuters
2010-09-01,Apple TV takes aim at Web-connected living room - ロイター (Reuters Japan)
2010-09-01,Apple TV takes aim at Web-connected living room - ロイター (Reuters Japan)
2010-09-02,AIG files application to list AIA -source - Reuters
2010-09-03,Jay Leno ratings dip below Conan O'Brien's - Reuters
2010-09-03,Kylie Minogue voted most inspirational breast cancer star - Reuters
2010-09-03,Group Captain Sachin Tendulkar - Reuters
2010-09-03,Morgan and Volstad suspended after brawl - Reuters
2010-09-03,Fishburne's porn-star daughter avoiding dark side - Reuters
2010-09-03,Luxury first-class flying - Reuters
2010-09-05,Bangladesh issues red alert over spread of anthrax - Reuters
2010-09-05,Bangladesh issues red alert over spread of anthrax - Reuters
2010-09-07,Wyeth paid writers to promote hormone therapy: study - Reuters
2010-09-07,I went to pieces after getting Ryder Cup call-up - Donald - Reuters
2010-09-07,Angelina visits Pakistan - Reuters
2010-09-08,China oil giants production unaffected after accidents - Reuters
2010-09-09,"Willow Smith, 9, signs record deal with Jay-Z - Reuters"
2010-09-09,YouSendIt raises additional $15M to bypass email attachment limits - Reuters
2010-09-09,"Willow Smith, 9, signs record deal with Jay-Z - Reuters"
2010-09-10,Thousands protest Koran burning plan in Afghan north - Reuters
2010-09-10,Dutch history student finds world's oldest share - Reuters
2010-09-13,Lady Gaga's meat dress - Reuters
2010-09-13,Factbox -Some issues in Afghanistan's parliamentary election - Reuters
2010-09-13,Lady Gaga's meat dress - Reuters
2010-09-13,Petra's ancient paintings emerge from campfire smoke - Reuters
2010-09-14,BlackRock CEO gives strong third-quarter outlook - Reuters
2010-09-14,Woolworths Ltd launches $1.25 bln 2-part sale - Reuters
2010-09-14,Sanyo Elec Railway <9052.OS>-6-month group - Reuters
2010-09-14,Nigeria's Bank PHB sees full-year profit - Reuters
2010-09-16,ACS dice no está interesado en liquidar activos de Hochtief - Reuters
2010-09-16,In-flight standing seats - Reuters
2010-09-17,"Popular joint supplements do not work, study finds - Reuters"
2010-09-20,RAE Systems to sell itself for $95 mln - Reuters
2010-09-20,IBM to buy analytics company Netezza for $1.7 billion - Reuters
2010-09-20,Children's pocket money falls to 7-year low - Reuters
2010-09-20,Australia's Mirvac to test A$150 mln 6-year bond-fund - Reuters
2010-09-20,European stock index futures point to early gains - Reuters
2010-09-21,New Issue-Whiting Petroleum Corp sells $350 mln notes - Reuters
2010-09-21,Velosi profit falls; sees fewer high-margin contracts - Reuters
2010-09-21,Velosi profit falls; sees fewer high-margin contracts - Reuters
2010-09-21,"Kenya's Kiprop, Masai pull out of Commonwealth Games - Reuters"
2010-09-21,New Issue-Whiting Petroleum Corp sells $350 mln notes - Reuters
2010-09-22,UK study links antipsychotic drugs to clot risk - Reuters
2010-09-22,India's IOC sees 2011/12 petchem revenue at $3.3 mln - Reuters
2010-09-23,Hole by hole guide to Celtic Manor's Twenty Ten Course - Reuters
2010-09-23,"Talking to death: texts, phones kill 16000: study - Reuters"
2010-09-24,"U.S. economy still ""very tough"": Geithner - Reuters"
2010-09-24,ADHD drug benefits child cancer survivors - Reuters
2010-09-25,Doughty Hanson equity to sell Impress for £1.4 billion - Reuters
2010-09-25,Doughty Hanson equity to sell Impress for £1.4 billion - Reuters
2010-09-26,POSCO confirms Q4 steel prices unchanged from Q3 - Reuters
2010-09-27,U.S. apologises for flying Philippine flag upside down - Reuters
2010-09-28,Bolsa argentina sube a máximos históricos en apertura - Reuters
2010-09-28,"Rapper Kid Cudi guilty on drug charge, avoids jail - Reuters"
2010-09-30,"Oscar-nominated Tony Curtis dies, age 85 - Reuters"
2010-09-30,"Moody's asgn Aa1 & Aa2 rtg to Fort Mill School District 4, SC - Reuters"
2010-10-01,Le chef de la police équatorienne démissionne après les troubles - Reuters
2010-10-03,Premier Foods says gets bid approaches for Quorn - Reuters
2010-10-03,Bundespräsident fordert von Türkei Offenheit für Christentum - Reuters
2010-10-05,New Issue-Tri-State Generation adds $100 mln in bonds - Reuters
2010-10-05,Swisscom offer period for Fastweb to start Oct 11 - Reuters
2010-10-05,"Sinopec, Iceland firm in China geothermal deal - report - Reuters"
2010-10-05,Coast Guard working to clear Houston Channel Tuesday - Reuters
2010-10-08,Greece's cash deficit down 28% y/y in Jan-Sept- cenbank - Reuters
2010-10-08,Greece's cash deficit down 28% y/y in Jan-Sept- cenbank - Reuters
2010-10-08,Soccer-Italy held by Northern Ireland in noisy Belfast - Reuters
2010-10-08,Soccer-Italy held by Northern Ireland in noisy Belfast - Reuters
2010-10-11,China's Zhou urges patience in correcting imbalances - Reuters
2010-10-12,Malaysia's Petronas Chemical IPO priced 5.05-5.20 - Reuters
2010-10-12,"'80s icon Rick Springfield bares all, again, in memoir - Reuters"
2010-10-12,Living with a bionic heart - Reuters
2010-10-12,Living with a bionic heart - Reuters
2010-10-12,"'80s icon Rick Springfield bares all, again, in memoir - Reuters"
2010-10-12,US consumer confidence rises in Oct from Sept-IBD - Reuters
2010-10-12,Australia's Coal& Allied sees rain hitting output - Reuters
2010-10-12,US consumer confidence rises in Oct from Sept-IBD - Reuters
2010-10-13,Hotel eyes record with $671000 per night plan - Reuters
2010-10-14,Suzuki says to recall 90617 cars in Japan - Reuters
2010-10-15,First fuel cell boat cruises Amsterdam's canals - Reuters
2010-10-15,RLPC-Vitol signs increased $5.3 bln loan - Reuters
2010-10-15,Regulador alemán amplía plazo para opa ACS sobre Hochtief - Reuters
2010-10-17,Exxon restarts gofiner at Baytown refinery-filing - Reuters
2010-10-18,"Megan Fox se integra a elenco de ""Friends with Kids"" - Reuters"
2010-10-18,Philippines - Market factors to watch - Oct 18 - Reuters
2010-10-18,Factbox: Details of Enel Green Power IPO - Reuters
2010-10-18,"So, what's in a placebo, anyway? - Reuters"
2010-10-19,"Moody's on Ebury Finance Ltd and Ebury Finance LLC,ABCP notes - Reuters"
2010-10-20,Electronic Arts picks up Angry Birds publisher Chillingo - Reuters
2010-10-20,NJK Corp <9748.T>-2010/11 group forecast - Reuters
2010-10-20,Accenture CEO to step down - Reuters
2010-10-20,Accenture CEO to step down - Reuters
2010-10-20,NJK Corp <9748.T>-2010/11 group forecast - Reuters
2010-10-21,"""Glee"" actress apologizes for sexy GQ shoot - Reuters"
2010-10-21,U.N. urged to freeze climate geo-engineering projects - Reuters
2010-10-21,Sex.com domain name sold for $13 million - Reuters
2010-10-22,English Premier League fixtures - Reuters
2010-10-24,Former Dubai bank executives face heavier penalty - Reuters
2010-10-24,Former Dubai bank executives face heavier penalty - Reuters
2010-10-25,Workman <7564.OS>-6-month parent forecast - Reuters
2010-10-27,Travelers Cos to sell $1 bln debt in 2 parts - IFR - Reuters
2010-10-27,Berkshire buys Sun Life reinsurance unit - Reuters
2010-10-28,Toyota Boshoku <3116.T>-6-month group forecast - Reuters
2010-10-28,Toyota Boshoku <3116.T>-6-month group forecast - Reuters
2010-10-31,iShares Silver Trust holdings down 39.54 tonnes - Reuters
2010-11-01,Drug experts say alcohol worse than crack or heroin - Reuters
2010-11-01,Valero says Three Rivers HDU upset has no impact - Reuters
2010-11-02,Soccer-Inter crash as Bale inspires Spurs to victory - Reuters
2010-11-03,Morgan Stanley knew SEC contacted FrontPoint in 2008 - Reuters
2010-11-03,"After election defeat, Obama says jobs top priority - Reuters"
2010-11-03,"After election defeat, Obama says jobs top priority - Reuters"
2010-11-03,Morgan Stanley knew SEC contacted FrontPoint in 2008 - Reuters
2010-11-03,Washington state votes down new tax on wealthy - Reuters
2010-11-03,FACTBOX-Indonesia's tin industry - Reuters
2010-11-04,Optec FA <6661.OS>-9-mth group results - Reuters
2010-11-04,US Oct ICSC retail sales rise 1.6 pct vs year ago - Reuters
2010-11-04,AmEx to buy fraud prevention company for $150 mln - Reuters
2010-11-04,Electric brain stimulation can improve math skills - Reuters
2010-11-08,Harry Potter: Then and now - Reuters
2010-11-08,Is your laptop cooking your testicles? - Reuters
2010-11-08,New Issue-Becton Dickinson sells $1 bln notes in 2 parts - Reuters
2010-11-09,"Hausse de 0,1% des prix à la consommation en octobre - Reuters"
2010-11-09,World fencing champs - Reuters
2010-11-09,Fashion changes too fast these days - Pierre Cardin - Reuters
2010-11-09,Queensland sign up England's Lumb for Big Bash - Reuters
2010-11-10,Fuji Machine Mfg <6134.NG>-2010/11 parent forecast - Reuters
2010-11-10,Victoria's Secret Fashion Show - Reuters
2010-11-11,Surana Telecom July-Sept net plummets 73 pct - Reuters
2010-11-11,Muere productor de cine italiano Dino De Laurentiis - Reuters
2010-11-14,Pacquiao vs. Margarito - Reuters
2010-11-15,EEUU estudia ampliar el espectro para dispositivos móviles - Reuters
2010-11-15,Bypass patients can benefit from a few drinks - Reuters
2010-11-15,Joven buzo dominicano muere devorado por tiburón - Reuters
2010-11-15,Dublin envisage de solliciter l'UE pour ses banques / Presse - Reuters
2010-11-15,Joven buzo dominicano muere devorado por tiburón - Reuters
2010-11-15,Dublin envisage de solliciter l'UE pour ses banques / Presse - Reuters
2010-11-16,"France's Sarkozy ""very worried"" about Mali hostages - Reuters"
2010-11-17,Sexiest men alive - Reuters
2010-11-17,Long-time statin users have lower gallstone risk - Reuters
2010-11-19,Telesat hires adviser on possible sale - source - Reuters
2010-11-19,Alemania prevé estar en alerta de seguridad hasta fin de año - Reuters
2010-11-19,Top R&B/Hip-Hop Albums for the 11/27/2010 issue - Reuters
2010-11-19,Top R&B/Hip-Hop Albums for the 11/27/2010 issue - Reuters
2010-11-20,Ronaldo challenges Barca to score eight against Real - Reuters
2010-11-21,Zensar Tech says U.S unit to buy PSI Holdings Group - Reuters
2010-11-22,Malaysia's PPB Group Q3 net drops 52 pct - Reuters
2010-11-23,Belgian championship fixtures - Reuters
2010-11-23,UAE property developer files for bankruptcy - report - Reuters
2010-11-23,Bengals shut down injured defensive lineman Tank Johnson - Reuters
2010-11-23,Belgian championship fixtures - Reuters
2010-11-23,UAE property developer files for bankruptcy - report - Reuters
2010-11-23,Stampede in Cambodia - Reuters
2010-11-23,Russia's radioactive village - Reuters
2010-11-23,Bengals shut down injured defensive lineman Tank Johnson - Reuters
2010-11-25,RUGBY-Federación francesa quiere estadio propio para el 2017 - Reuters
2010-11-25,KKR-led group to buy Del Monte for $4 billion - Reuters
2010-11-28,Siemens shares set to rise-Barron's - Reuters
2010-11-29,Pictures of the year: Strange and unusual - Reuters
2010-11-29,القذافي يحذر الاتحاد الاوروبي بشأن التجارة مع افريقيا - Reuters
2010-11-30,New Issue-Apache Corp sells $1 bln debt in two parts - Reuters
2010-12-02,Soccer-Wounded Real face tricky Valencia test - Reuters
2010-12-02,US House passes symbolic tax-cut renewal - Reuters
2010-12-02,"WikiLeaks founder said in UK, Sweden rejects appeal - Reuters"
2010-12-02,Soccer-Wounded Real face tricky Valencia test - Reuters
2010-12-02,US House passes symbolic tax-cut renewal - Reuters
2010-12-02,"WikiLeaks founder said in UK, Sweden rejects appeal - Reuters"
2010-12-03,Factbox: Orbotix - Reuters
2010-12-03,Cuba commutes bomber's death sentence to 30 years - Reuters
2010-12-03,اجويرو مهاجم اتليتيكو مدريد يحصل على الجنسية الاسبانية - Reuters
2010-12-05,Russia's X5 retailer buys rival Kopeika - Reuters
2010-12-06,"Football player, broadcaster Don Meredith dies - Reuters"
2010-12-06,"Football player, broadcaster Don Meredith dies - Reuters"
2010-12-07,U.S. exits Citigroup stake and earns $12 billion profit - Reuters
2010-12-07,WikiLeaks says to continue operating despite arrest - Reuters
2010-12-08,"Danish watchdog asks for probe of Topdanmark, Danisco - Reuters"
2010-12-10,UDPATE 1-Soccer-Ancelotti optimistic despite Chelsea's poor form - Reuters
2010-12-13,Drax sees FY earnings beating market consensus - Reuters
2010-12-13,New Issue-ANZ National sells $750 mln in notes - Reuters
2010-12-13,Boeing raises list prices on commercial planes - Reuters
2010-12-15,Caspian pipeline group to spend $5.4 bn to expand - Reuters
2010-12-15,Which painkillers are safest for the elderly? - Reuters
2010-12-16,"Nikkei flat on euro worries, overheating; yen supports - Reuters"
2010-12-16,Kevin Durant named USA Basketball male athlete of the year - Reuters
2010-12-16,"Could acupuncture be used to treat ""lazy eye?"" - Reuters"
2010-12-16,NZ's PGG Wrightson says expects lower year profit - Reuters
2010-12-21,Japan's JX shuts secondary units at Muroran plant - Reuters
2010-12-21,"Vimpelcom seeking new terms for Orascom, Wind deal - Reuters"
2010-12-21,MARKET EYE-J Kumar Infra extend gains on order win - Reuters
2010-12-22,Drunk driver gets 51 years for death of Angels pitcher - Reuters
2010-12-22,Mass kidnap of migrants reported in Mexico - Reuters
2010-12-22,Abbott recalls diabetes test strips in U.S. - Reuters
2010-12-22,Famous visitors of the Taj Mahal - Reuters
2010-12-22,Abbott recalls diabetes test strips in U.S. - Reuters
2010-12-22,"Numericable perd des abonnés dans la TV, pas dans l'internet - Reuters"
2010-12-22,Drunk driver gets 51 years for death of Angels pitcher - Reuters
2010-12-22,"Numericable perd des abonnés dans la TV, pas dans l'internet - Reuters"
2010-12-22,Mass kidnap of migrants reported in Mexico - Reuters
2010-12-23,Police checking embassies in Rome after explosions - Reuters
2010-12-24,"ФУТБОЛ-Афеллай перешел из ""ПСВ"" в ""Барселону"" - Reuters"
2010-12-25,Quake causes small tsunami in south Pacific - Reuters
2010-12-26,Indonesia walk off pitch in AFF Cup final - Reuters
2011-01-02,Starkes Erdbeben in Chile verläuft glimpflich - Reuters
2011-01-02,Iran hangs seven convicted drug smugglers - Reuters
2011-01-03,"In new Brazil government, ex-model steals the show - Reuters"
2011-01-03,"""Forbidden Planet"" actress Anne Francis dies at 80 - Reuters"
2011-01-04,"SNAPSHOT-Wall Street eases as materials, energy fall - Reuters"
2011-01-05,Una enfermedad coronaria causó la muerte del cantante de Boney M - Reuters
2011-01-05,"Fitch mejora a positivo panorama Dominicana, confirma nota - Reuters"
2011-01-05,Heart disease killed Boney M frontman Farrell - Reuters
2011-01-05,Una enfermedad coronaria causó la muerte del cantante de Boney M - Reuters
2011-01-05,Heart disease killed Boney M frontman Farrell - Reuters
2011-01-06,China's Hubei cuts power to steel cos as coal shortage hits - Reuters
2011-01-06,Arcelor calls rival bid for Baffinland coercive - Reuters
2011-01-06,Antigenics changes name to Agenus - Reuters
2011-01-06,Gary Collins arrested for walking out on bill - Reuters
2011-01-07,Execution Noble rebranded under BESI ownership - Reuters
2011-01-09,KDB in talks to buy Southeast Asian bank: report - Reuters
2011-01-10,No pants subway ride - Reuters
2011-01-10,Maccabi Tel Aviv name Motti Iwanir as new coach - Reuters
2011-01-11,"Rival Koreas resume contact via border ""hotline"" - Reuters"
2011-01-12,Shell says all Washington refinery units operating - Reuters
2011-01-12,Taiwan stocks - Factors to watch - Jan 12 - Reuters
2011-01-12,Singapore's Raffles Education to buy Merchant Square property - Reuters
2011-01-13,Murdoch schlägt Myspace los - Reuters
2011-01-13,Piracy costs global economy $7-12 bln a year-study - Reuters
2011-01-13,"Empleo industrial en Sao Paulo sube 4,74 pct en el 2010: entidad - Reuters"
2011-01-13,"Empleo industrial en Sao Paulo sube 4,74 pct en el 2010: entidad - Reuters"
2011-01-14,"Republican Party dumps Steele, picks Priebus as chief - Reuters"
2011-01-14,"Kathy Bates to return to ""The Office"" - Reuters"
2011-01-14,Emerge Oil shares slip as 2010 production exit lags estimate - Reuters
2011-01-17,ТЕННИС-Южный пробился во второй круг в Мельбурне - Reuters
2011-01-18,E-SupportLink <2493.OS>-2009/10 group forecast - Reuters
2011-01-18,Wall sube pese a Apple y los decepcionantes resultados de Citi - Reuters
2011-01-21,Detienen en EEUU a cantante mexicano acusado de violación - Reuters
2011-01-21,"CORRECTED - CORRECTED-(Jan 20)UPDATE 2-Intermap cuts 30 pct Europe, North Am - Reuters"
2011-01-21,Detienen en EEUU a cantante mexicano acusado de violación - Reuters
2011-01-21,Angry Palestinians mob French minister in Gaza - Reuters
2011-01-21,Venus Williams' Style - Reuters
2011-01-21,Angry Palestinians mob French minister in Gaza - Reuters
2011-01-21,"CORRECTED - CORRECTED-(Jan 20)UPDATE 2-Intermap cuts 30 pct Europe, North Am - Reuters"
2011-01-21,"CORRECTED - CORRECTED-(Jan 20)UPDATE 2-Intermap cuts 30 pct Europe, North Am - Reuters"
2011-01-21,Detienen en EEUU a cantante mexicano acusado de violación - Reuters
2011-01-21,Angry Palestinians mob French minister in Gaza - Reuters
2011-01-21,Venus Williams' Style - Reuters
2011-01-21,Venus Williams' Style - Reuters
2011-01-23,Soccer-Blackburn up to seventh with win over West Brom - Reuters
2011-01-24,Facebook ve oportunidades publicitarias más allá de los juegos - Reuters
2011-01-24,Facebook ve oportunidades publicitarias más allá de los juegos - Reuters
2011-01-25,Intel hires singer will.i.am as innovation director - Reuters
2011-01-25,A R Rahman - A profile - Reuters
2011-01-25,FUTBOL-Van Nistelrooy dejará Hamburgo por bloqueo pase al Madrid - Reuters
2011-01-25,Intel hires singer will.i.am as innovation director - Reuters
2011-01-25,A R Rahman - A profile - Reuters
2011-01-25,FUTBOL-Van Nistelrooy dejará Hamburgo por bloqueo pase al Madrid - Reuters
2011-01-25,Four dead in Manila bus bombing; investigation starts - Reuters
2011-01-25,Four dead in Manila bus bombing; investigation starts - Reuters
2011-01-25,Four dead in Manila bus bombing; investigation starts - Reuters
2011-01-25,FUTBOL-Van Nistelrooy dejará Hamburgo por bloqueo pase al Madrid - Reuters
2011-01-25,Intel hires singer will.i.am as innovation director - Reuters
2011-01-25,Intel hires singer will.i.am as innovation director - Reuters
2011-01-26,TENIS-Clijsters sufre para llegar a semifinales de Australia - Reuters
2011-01-26,Rebels planned Moscow New Year bomb: report - Reuters
2011-01-26,Los ingresos de Kodak caen en el cuarto trimestre - Reuters
2011-01-26,TENIS-Clijsters sufre para llegar a semifinales de Australia - Reuters
2011-01-26,Los ingresos de Kodak caen en el cuarto trimestre - Reuters
2011-01-26,Geithner and Trichet to confer in Davos - Reuters
2011-01-26,Geithner and Trichet to confer in Davos - Reuters
2011-01-26,Rebels planned Moscow New Year bomb: report - Reuters
2011-01-27,OptionsXpress reports Q4 results - Reuters
2011-01-27,OptionsXpress reports Q4 results - Reuters
2011-01-27,Nigeria's Warri oil refinery restarts after outage - Reuters
2011-01-27,Nigeria's Warri oil refinery restarts after outage - Reuters
2011-01-29,"Egyptian general ends US visit, US urges restraint - Reuters"
2011-01-30,"Factbox: Security developments in Egypt, Jan 30 - Reuters"
2011-01-30,"Factbox: Security developments in Egypt, Jan 30 - Reuters"
2011-01-31,Idemitsu Kosan <5019.T>-2010/11 group forecast - Reuters
2011-01-31,Fujimi <5384.T>-2010/11 div forecast - Reuters
2011-01-31,Idemitsu Kosan <5019.T>-2010/11 group forecast - Reuters
2011-01-31,Fujimi <5384.T>-2010/11 div forecast - Reuters
2011-02-02,Pop singer PJ Proby on benefit fraud charges - Reuters
2011-02-02,Pop singer PJ Proby on benefit fraud charges - Reuters
2011-02-02,"Galifianakis to join Ryan Reynolds in ""R.I.P.D."" - Reuters"
2011-02-02,"Galifianakis to join Ryan Reynolds in ""R.I.P.D."" - Reuters"
2011-02-03,US Jan ICSC retail sales up 4.8 pct vs year ago - Reuters
2011-02-03,US Jan ICSC retail sales up 4.8 pct vs year ago - Reuters
2011-02-04,"Berlusconi calls Mubarak wise man, urges continuity - Reuters"
2011-02-04,Investors fear anti-market regime in Egypt - Reuters
2011-02-04,Virgin Atlantic to pay overdue airport fees to BAA - Reuters
2011-02-04,"Berlusconi calls Mubarak wise man, urges continuity - Reuters"
2011-02-04,"Berlusconi calls Mubarak wise man, urges continuity - Reuters"
2011-02-05,Multiculturalism has failed in Britain - Cameron - Reuters
2011-02-06,Mos Food Service <8153.T>-2010/11 parent forecast - Reuters
2011-02-06,FueTrek <2468.T>-9-mth group results - Reuters
2011-02-07,US-Börsen schließen fest - Gute Konjunkturaussichten beflügeln - Reuters
2011-02-08,A Super Bowl homecoming - Reuters
2011-02-08,A Super Bowl homecoming - Reuters
2011-02-09,"Italtile CEO, 8 others die in SAfrica plane crash - Reuters"
2011-02-09,"Nuance posts Q1 below estimates, shares fall - Reuters"
2011-02-10,"Indicted hedge fund trader linked to Cohen, Druker - Reuters"
2011-02-11,Elizabeth Taylor treated for congestive heart failure - Reuters
2011-02-11,Telus profit surges on data and wireless revenue - Reuters
2011-02-14,Indonesia's Bontang LNG output to fall 6 pct in 2011 - Reuters
2011-02-14,Acciones argentinas suben por interés en sector financiero - Reuters
2011-02-15,2012 aquatics construction deadline seen tight - Reuters
2011-02-15,EPA investigates pollutants at St. Croix refinery - Reuters
2011-02-16,Kim Jong-il's birthday - Reuters
2011-02-16,No birth defect risk seen with malaria drug - Reuters
2011-02-17,"""Lost"" star Emerson set for J.J. Abrams pilot - Reuters"
2011-02-17,"European shares turn negative, U.S. data weighs - Reuters"
2011-02-17,Common birth control pill not tied to heart attacks - Reuters
2011-02-17,Primitive gold mine - Reuters
2011-02-19,"Saudis, China dilute G20 Middle East text: sources - Reuters"
2011-02-20,MEED shifts project finance conference from Bahrain - Reuters
2011-02-20,MEED shifts project finance conference from Bahrain - Reuters
2011-02-22,Highland becomes GE Funds' new adviser - Reuters
2011-02-22,"""Poppers"" may cause lasting vision loss - Reuters"
2011-02-22,Ex-Gaddafi aide sees bitter fight to the end - Reuters
2011-02-22,UN council condemns force against Libya protesters - Reuters
2011-02-23,New Issue-Waste Management sells $400 mln notes - Reuters
2011-02-23,London Fashion Week - Reuters
2011-02-24,Paltrow to join Coldplay husband in UK charts - Reuters
2011-02-24,Paltrow to join Coldplay husband in UK charts - Reuters
2011-02-25,"الزعيم الليبي يتعهد ""بالانتصار على العدو"" | رويترز - Reuters"
2011-02-25,New Zealand quake - Reuters
2011-02-27,Hutchison ports' unit sets indicative price for huge Singapore IPO - Reuters
2011-02-27,"Natalie Portman ganha Oscar por ""Cisne Negro"" - Reuters"
2011-02-27,"Melissa Leo wins first Oscar for ""The Fighter"" - Reuters"
2011-02-28,وفاة اخر جندي أمريكي شارك في الحرب العالمية الاولى - Reuters
2011-03-01,Broken toe sidelines Nuggets forward Gallinari - Reuters
2011-03-01,Christina Aguilera arrested for drunkenness - Reuters
2011-03-01,FrontPoint completes split from Morgan Stanley - Reuters
2011-03-01,Kreise: Finanzinvestoren buhlen um Leuchtenhersteller SLV - Reuters
2011-03-01,iShares Silver Trust holdings rise to 6-1/2 week high - Reuters
2011-03-01,BREF- Vivendi - Hausse possible du dividende en cas de changemen - Reuters
2011-03-03,TSX notches highest close in nearly 3 years - Reuters
2011-03-03,TSX notches highest close in nearly 3 years - Reuters
2011-03-03,Diane Lane to play Superman's hot mom - Reuters
2011-03-03,Moody's downgrades repack notes of Northgate B.V. - Reuters
2011-03-03,Gannett expects ad revenue at its pubishing division to decline 6 percent in Q4 - Reuters
2011-03-03,Diane Lane to play Superman's hot mom - Reuters
2011-03-03,Moody's downgrades repack notes of Northgate B.V. - Reuters
2011-03-03,Gannett expects ad revenue at its pubishing division to decline 6 percent in Q4 - Reuters
2011-03-03,IAC loses appeal over ex-unit that went bankrupt - Reuters
2011-03-04,Fleeing Libya - Reuters
2011-03-05,Factbox: Five facts on Chechen leader Ramzan Kadyrov - Reuters
2011-03-07,Strange life signs found on meteorites: NASA scientist - Reuters
2011-03-07,YRC finance chief leaves as trucker restructures - Reuters
2011-03-07,Strange life signs found on meteorites: NASA scientist - Reuters
2011-03-07,YRC finance chief leaves as trucker restructures - Reuters
2011-03-08,Former Alice in Chains rocker Mike Starr dies - Reuters
2011-03-09,Bahraini Shi'ites protest against settling Sunnis - Reuters
2011-03-09,Factbox: Hospital operator HCA goes public again - Reuters
2011-03-10,WTH Car Rental ULC (Avis) sells C$200 mln notes - Reuters
2011-03-11,معارضون: قوات حكومية ليبية تقصف صهاريج تخزين في مصفاة نفط - Reuters
2011-03-11,Transneft redirects oil supply to Novo from Primorsk - Reuters
2011-03-12,Britain says Japan requests help over earthquake - Reuters
2011-03-14,Man broke into Madonna's UK home: reports - Reuters
2011-03-14,The town that washed away - Reuters
2011-03-14,Zapatero volverá a reunirse con los grandes empresarios - Reuters
2011-03-15,Adviser Edelman to lead renamed Sanders Morris - Reuters
2011-03-15,Russia seeking April date for delayed space launch - Reuters
2011-03-15,Russia seeking April date for delayed space launch - Reuters
2011-03-15,Adviser Edelman to lead renamed Sanders Morris - Reuters
2011-03-16,"Japan stocks fall, focus on yen strength - Reuters"
2011-03-16,Braves minor league manager Salazar loses eye in mishap - Reuters
2011-03-17,Regulator to review and may refer UK TV ad market - Reuters
2011-03-17,"Safe to quit smoking before surgery, anytime - Reuters"
2011-03-17,"NZ regulator settles freight cartel case with BA, Qantas, Cargolux - Reuters"
2011-03-17,Eni charge du pétrole libyen venant du terminal de Bouri/Sources - Reuters
2011-03-18,"Red Cross redeploys in Benghazi, aids Libya - Reuters"
2011-03-20,Farewell Knut - Reuters
2011-03-21,Modern etiquette: international greeting customs - Reuters
2011-03-21,Japan's evacuation centers - Reuters
2011-03-21,Celebrating Purim - Reuters
2011-03-22,Czech carbon registry to reopen on Thursday - Reuters
2011-03-22,Indonesian coal miners urge govt to delay upgrading rule - Reuters
2011-03-22,Iron Mountain shareholder to support activist-WSJ - Reuters
2011-03-23,Egypt lifts curbs on politics in post-Mubarak era - Reuters
2011-03-23,Portugal parliament rejects government austerity plan - Reuters
2011-03-23,Egypt lifts curbs on politics in post-Mubarak era - Reuters
2011-03-23,Portugal parliament rejects government austerity plan - Reuters
2011-03-24,Fed announcement of Bernanke media briefings - Reuters
2011-03-24,Why People Hate Wind Turbines - Reuters
2011-03-24,Portugal government collapse complicates EU summit - Reuters
2011-03-25,Tiny Missouri village of Plato named U.S. population center - Reuters
2011-03-25,Actor Mickey Rooney hands affairs to conservator - Reuters
2011-03-29,Factbox: Japan's nuclear crisis and radioactive half-lives - Reuters
2011-03-29,Twitter co-founder wants more mainstream website - Reuters
2011-03-30,Libya formin has not defected - govt spokesman - Reuters
2011-03-30,Obese at age 4 - Reuters
2011-04-01,"U.S. condemns Syria crackdown, presses Assad for reform - Reuters"
2011-04-01,Military no cure for Libya crisis: German foreign minister - Reuters
2011-04-02,Route to the World Cup final - Reuters
2011-04-02,Route to the World Cup final - Reuters
2011-04-03,Posing with the World Cup trophy - Reuters
2011-04-03,Suez Canal traffic resumes after beached ship moved - Reuters
2011-04-04,Moody's rt Chemung County Industrial Development Agency nt - Reuters
2011-04-04,OmniVision shares dip 11 pct on fears of iPhone contract loss - Reuters
2011-04-04,Stars and slime at Kids Choice Awards - Reuters
2011-04-05,NZ new car registrations rise in March - NZTA - Reuters
2011-04-06,China needs time to warm to A380 -Airbus China pres - Reuters
2011-04-06,China needs time to warm to A380 -Airbus China pres - Reuters
2011-04-07,African Markets - Factors to watch on April 7 - Reuters
2011-04-07,Sen. Schumer: consensus on cuts in budget talks - Reuters
2011-04-07,FACTBOX-RBC eyes sale of U.S. retail unit - Reuters
2011-04-08,Snooki snapshots - Reuters
2011-04-10,Arab League calls for no-fly zone over Gaza - Reuters
2011-04-10,U.N.'s Ban orders Ivory Coast peacekeepers against Gbagbo - Reuters
2011-04-10,Arab League calls for no-fly zone over Gaza - Reuters
2011-04-10,U.N.'s Ban orders Ivory Coast peacekeepers against Gbagbo - Reuters
2011-04-11,Swedish firm starts using Russian satnav - Reuters
2011-04-12,iRobot wins Navy contract worth up to $230 million - Reuters
2011-04-13,Europe Factors-Shares seen rebounding; technicals bearish - Reuters
2011-04-14,خالد بشارة: قوائم فيمبلكوم المالية اقوى من ويند وهذا مفيد لنا - Reuters
2011-04-14,خالد بشارة: قوائم فيمبلكوم المالية اقوى من ويند وهذا مفيد لنا - Reuters
2011-04-15,Bay of Pigs revisited - Reuters
2011-04-17,"TEPCO shares gain, KDDI falls on report TEPCO to sell its stake - Reuters"
2011-04-17,Reckitt faces 89 mln stg UK lawsuit over Gaviscon - Reuters
2011-04-18,China March refined oil product stocks down from Feb record - Reuters
2011-04-18,"U.S., Brent crude fall on S&P revised U.S. outlook - Reuters"
2011-04-18,Mansion that may have inspired The Great Gatsby torn down - Reuters
2011-04-18,Mansion that may have inspired The Great Gatsby torn down - Reuters
2011-04-18,"U.S., Brent crude fall on S&P revised U.S. outlook - Reuters"
2011-04-18,Coachella Festival - Reuters
2011-04-20,RESEARCH ALERT-Analysts cheer IBM results; raise targets - Reuters
2011-04-20,Clinton recommends $25 million U.S. aid to Libyan rebels - Reuters
2011-04-20,Rebels say five civilians killed in Misrata - Reuters
2011-04-21,Prayers test Syria's Assad's response to protests - Reuters
2011-04-21,Egypt ex-energy minister detained for questioning on Israel gas deal - Reuters
2011-04-22,"Post-revolution, Egypt tourism remains in disarray - Reuters"
2011-04-22,"Mystery woman snuck into Google, left book and letter - Reuters"
2011-04-22,"Post-revolution, Egypt tourism remains in disarray - Reuters"
2011-04-24,منظمة: عدد القتلى المدنيين في بلدة جبلة السورية يرتفع إلى تسعة - Reuters
2011-04-24,Holly Tulsa refinery tank fire put out-local media - Reuters
2011-04-25,Seeking miracles in New Mexico - Reuters
2011-04-25,الشرطة الموريتانية تستخدم الغاز المسيل للدموع لفض احتجاج - Reuters
2011-04-26,Lawson Software to go private in $2 billion deal - Reuters
2011-04-26,Chaperones should be available for kids' exams - Reuters
2011-04-26,Lawson Software to go private in $2 billion deal - Reuters
2011-04-27,Katie Holmes settles libel suit on drugs claim - Reuters
2011-04-27,Malawi expels UK envoy over criticism of leadership - Reuters
2011-04-29,Pope John Paul the icon - Reuters
2011-04-30,Yankees outlast pesky Blue Jays 5-4 - Reuters
2011-05-02,سلطنة عمان توافق على انشاء اول بنك اسلامي في البلاد - Reuters
2011-05-02,White House Correspondents' dinner - Reuters
2011-05-02,Timeline: Bin Laden's mocking messages since 2001 - Reuters
2011-05-03,Honda adds 833000 vehicles to airbag recall - Reuters
2011-05-04,"Monowi, Nebraska, Population: 1 - Reuters"
2011-05-04,Applied Materials to buy Varian Semi for $4.9 billion - Reuters
2011-05-05,Pagan rituals for a good harvest - Reuters
2011-05-05,Pagan rituals for a good harvest - Reuters
2011-05-06,Al Qaeda vows to avenge Osama bin Laden's death - Reuters
2011-05-06,Recovery fears crimp FTSE as U.S. jobs data looms - Reuters
2011-05-07,"Nicole Scherzinger to co-host ""X Factor"" - Reuters"
2011-05-09,Whitney Houston back in drug rehab - Reuters
2011-05-09,Minneapolis proposes $895 million Vikings stadium plan - Reuters
2011-05-09,Minneapolis proposes $895 million Vikings stadium plan - Reuters
2011-05-09,Yakuodo <3385.OS>-6-month group forecast - Reuters
2011-05-09,Нефть дешевеет из-за ужесточения правил на NYMEX - Reuters
2011-05-09,Yakuodo <3385.OS>-6-month group forecast - Reuters
2011-05-09,Нефть дешевеет из-за ужесточения правил на NYMEX - Reuters
2011-05-10,Foster's spin-off Treasury Wine Estates debuts - Reuters
2011-05-12,"SNAPSHOT-Wall St slips on commods, data caps losses - Reuters"
2011-05-12,"Futures slide with commodities, Cisco; data eyed - Reuters"
2011-05-13,Rappers risk lives to protest Mexico's drug war - Reuters
2011-05-13,Fed buys $1 bln vs yen in Q1 FX intervention-NY Fed - Reuters
2011-05-13,Fed buys $1 bln vs yen in Q1 FX intervention-NY Fed - Reuters
2011-05-13,Rappers risk lives to protest Mexico's drug war - Reuters
2011-05-13,Sanrio <8136.T>-2010/11 parent results - Reuters
2011-05-15,Australia's Port Hedland says iron ore shipments - Reuters
2011-05-16,"Thousands march in Damascus suburb, defy crackdown - Reuters"
2011-05-16,Azerbaijan wins Eurovision - Reuters
2011-05-16,Pelosi says Medicare on the table in debt talks - Reuters
2011-05-17,Louisiana cities brace for river peak as bayou floods - Reuters
2011-05-17,Louisiana cities brace for river peak as bayou floods - Reuters
2011-05-17,Louisiana cities brace for river peak as bayou floods - Reuters
2011-05-18,Swiss stock exchange wants to remain independent: report - Reuters
2011-05-19,"Cosmo, Sojitz to brief on successful Qatar oil development - Reuters"
2011-05-19,"STOCKS NEWS EUROPE-Hochtief up on orders, Vinci comments - Reuters"
2011-05-19,"Ross Stores forecast disappoints, shares slip - Reuters"
2011-05-19,Soccer-Late strike puts Penarol in Libertadores semis - Reuters
2011-05-20,US's Geithner: talk to emerging markets on IMF post - Reuters
2011-05-23,"""Bernie"" to open June's Los Angeles Film Festival - Reuters"
2011-05-24,Moody's downgrades Mitsui Fudosan's ratings to A3/P-2 - Reuters
2011-05-24,Businessmen jailed for Tanzania central bank fraud - Reuters
2011-05-24,Active Network IPO prices below range at $15-source - Reuters
2011-05-24,J&J acquires Russian OTC medicines for $260 million - Reuters
2011-05-25,Bancolombia does not rule out new issuances - CEO - Reuters
2011-05-26,"Tennis-Open-Clijsters' hopes blown away, Nadal improves - Reuters"
2011-05-26,"PPC misses profit forecast, sees further sales slide - Reuters"
2011-05-26,"Factbox: Fed officials' comments on the economy, policy - Reuters"
2011-05-28,"Lockheed Martin hit by cyber incident, U.S. says - Reuters"
2011-05-29,IAC offers to buy rest of Meetic for 15 euros/share - Reuters
2011-05-29,Foot Locker shares may rise to $30: Barron's - Reuters
2011-05-29,IAC offers to buy rest of Meetic for 15 euros/share - Reuters
2011-05-29,Foot Locker shares may rise to $30: Barron's - Reuters
2011-05-31,Freddie Mac to sell reference notes on Wed. - Reuters
2011-06-01,"Casey Anthony called herself ""spiteful,"" brother says - Reuters"
2011-06-01,"Goldman, others reduce US May non-farm payrolls forecasts - Reuters"
2011-06-02,Cascade Corp Q1 beats Wall Street - Reuters
2011-06-07,Tesoro EEUU vende letras a 4 semanas a tasa máxima de 0005 pct - Reuters
2011-06-08,Flying bear kills two Canadians in freak accident - Reuters
2011-06-08,Las Vegas Sands aims to sell shopping mall at Singapore casino - Reuters
2011-06-08,Las Vegas Sands aims to sell shopping mall at Singapore casino - Reuters
2011-06-08,"TVN CEO denies plan to sell pay-TV, Internet units - Reuters"
2011-06-08,"TVN CEO denies plan to sell pay-TV, Internet units - Reuters"
2011-06-08,Flying bear kills two Canadians in freak accident - Reuters
2011-06-09,Tokyo AIM market gets first listing application - Reuters
2011-06-09,Venezuela's indigenous minority - Reuters
2011-06-10,Fund view: Nuclear shake-up: an opportunity creator? - Reuters
2011-06-10,Capacidad préstamo FMI marcha en niveles bajos: Carstens - Reuters
2011-06-12,Somalia vows to defeat Qaeda after killing Mohammed - Reuters
2011-06-12,Somalia vows to defeat Qaeda after killing Mohammed - Reuters
2011-06-13,World's shortest man - Reuters
2011-06-14,Republican Huntsman says to start White House bid - Reuters
2011-06-14,"""Spider-Man"" producer Laura Ziskin dies of cancer - Reuters"
2011-06-15,China's snake town - Reuters
2011-06-16,Boston wins the Stanley Cup - Reuters
2011-06-16,"Mexican police arrest drug boss ""El Brad Pitt"" - Reuters"
2011-06-16,Sony to double LCD film output - Nikkei - Reuters
2011-06-16,Manchester United loan winger Bebe to Besiktas - Reuters
2011-06-16,Sony to double LCD film output - Nikkei - Reuters
2011-06-16,Manchester United loan winger Bebe to Besiktas - Reuters
2011-06-16,Moody's places Tower Bersama's rating under review for downgrade - Reuters
2011-06-16,Moody's places Tower Bersama's rating under review for downgrade - Reuters
2011-06-17,Woman plummets to death hiking near Denver's Red Rocks - Reuters
2011-06-17,Karachaganak group close to ceding stake - Lukoil - Reuters
2011-06-19,BREF-Publicis annonce l'acquisition de l'agence chinoise Genedig - Reuters
2011-06-20,Choosing Miss USA - Reuters
2011-06-20,Choosing Miss USA - Reuters
2011-06-22,Sotheby's sets Egon Schiele record of $40 million - Reuters
2011-06-22,AIRSHOW-Lessor Alafco orders Airbus A350 aircraft - Reuters
2011-06-22,Argentina relegation/promotion playoff results - Reuters
2011-06-23,Factbox: How much is 60 million barrels of oil? - Reuters
2011-06-23,Google at the center of antitrust probes - source - Reuters
2011-06-23,Lagarde aide may become Air France unit head-paper - Reuters
2011-06-24,BREF-Alcoa annonce la signature d'un contrat avec Airbus - Reuters
2011-06-24,BREF-Alcoa annonce la signature d'un contrat avec Airbus - Reuters
2011-06-24,Chevron pays Brookfield $340 mln for old Enron HQ - Reuters
2011-06-27,New U.S. software guidelines aim to thwart hackers - Reuters
2011-06-27,الياباني الصاعد يوسامي ينضم الى بايرن ميونيخ - Reuters
2011-06-28,Brain scan reveals how brain processes jokes - Reuters
2011-06-28,Brain scan reveals how brain processes jokes - Reuters
2011-06-29,China's army develops online game to train soldiers: report - Reuters
2011-06-30,Afghanistan arrests two former officials over bank fraud scandal - Reuters
2011-07-01,FTC reviewing Twitter: reports - Reuters
2011-07-01,"Dealtalk: Google bid ""pi"" for Nortel patents and lost - Reuters"
2011-07-01,Nestle holds talks to buy Chinese candy company: report - Reuters
2011-07-02,Spain's ACS to sell more renewable energy assets-report - Reuters
2011-07-02,African Union offers to host Libya ceasefire talks - Reuters
2011-07-02,FUTBOL-Messi pide calma tras empate Argentina debut Copa América - Reuters
2011-07-04,"Behind ""mad dog"" image, Gaddafi may accept a deal - Reuters"
2011-07-04,Unibail cède à Grosvenor deux centres commerciaux en France - Reuters
2011-07-05,"Cargill, Dreyfus to end US PNW grain joint venture - Reuters"
2011-07-05,Huge rare earth deposits found in Pacific: Japan - Reuters
2011-07-05,Netflix expands online service to Latin America - Reuters
2011-07-05,Huge rare earth deposits found in Pacific: Japan - Reuters
2011-07-07,Italy antitrust clears UniCredit deal with Fondiaria - Reuters
2011-07-07,TVN owner puts $1.3 bln stake up for sale - Reuters
2011-07-07,TVN owner puts $1.3 bln stake up for sale - Reuters
2011-07-07,Italy antitrust clears UniCredit deal with Fondiaria - Reuters
2011-07-08,Gruesome photos shown at trial of Anthony Sowell - Reuters
2011-07-08,"Chris Young retires hat, readies album and tour - Reuters"
2011-07-08,Turkey - Factors to Watch on July 8 - Reuters
2011-07-08,Ex-News of the World royal editor arrested - Reuters
2011-07-11,Obama to Republicans:not enough for debt deal-aide - Reuters
2011-07-11,Apple files fresh patent complaint against HTC - Reuters
2011-07-11,C$ weakens to July low vs US$ on euro zone fears - Reuters
2011-07-11,"David y Victoria Beckham, padres de una niña - Reuters"
2011-07-11,C$ weakens to July low vs US$ on euro zone fears - Reuters
2011-07-11,Apple files fresh patent complaint against HTC - Reuters
2011-07-11,Obama to Republicans:not enough for debt deal-aide - Reuters
2011-07-12,"Scientists Create New ""Invisible"" Material - Reuters"
2011-07-12,Fidelity spins out real estate investment unit - Reuters
2011-07-12,Four U.S. nationals held in Egypt: military sources - Reuters
2011-07-14,NASA brings orbital dining down to Earth - Reuters
2011-07-14,South Sudan admitted to U.N. as 193rd member - Reuters
2011-07-14,Chronology: Big Oil's years of merger mania - Reuters
2011-07-15,Carla Bruni pregnant - Reuters
2011-07-15,"Gay Cuban man, transsexual to wed on Fidel's birthday - Reuters"
2011-07-16,7 Habits of Highly Effective Apps - Reuters
2011-07-18,Euro down on debt crisis; Swiss hits record highs - Reuters
2011-07-18,REFILE-Invensys to cut jobs in UK after failed bid-FT - Reuters
2011-07-18,"Birth defects linked to coal smoke, pesticides: China study - Reuters"
2011-07-18,Fun in the mud - Reuters
2011-07-19,Informe forense confirma ex presidente Chile Allende se suicidó - Reuters
2011-07-19,ECB's Nowotny agrees with Trichet on Greece -spokesman - Reuters
2011-07-19,ECB's Nowotny agrees with Trichet on Greece -spokesman - Reuters
2011-07-19,Slain kids cast larger shadow on Mexican drug war - Reuters
2011-07-20,Nordson to buy Value Plastics for $250 mln - Reuters
2011-07-20,Un perro que muerde a un tiburón arrasa en YouTube - Reuters
2011-07-20,BREF-Edenred-Placement dans une fourchette de prix située entre - Reuters
2011-07-21,Apple says over 1 million users bought Lion OS - Reuters
2011-07-21,"Instant view: Microsoft beats Street view, shares climb - Reuters"
2011-07-22,Obama: no information yet on Oslo attacks motive - Reuters
2011-07-22,Breakingviews - Barclays Capital emerging Asia research head Redward leaves co-sources - Reuters
2011-07-23,Norway PM Stoltenberg says attacker turned paradise into hell - Reuters
2011-07-23,Norway PM Stoltenberg says attacker turned paradise into hell - Reuters
2011-07-25,Canon raises 2011 SLR camera shipment forecast - Reuters
2011-07-25,Tax crusader sees slim chance of reform for now - Reuters
2011-07-25,Amy Winehouse: 1983 - 2011 - Reuters
2011-07-26,Civil War battlefield - Reuters
2011-07-27,Norway's Halden prison - Reuters
2011-07-27,"New pressure on Gaddafi on foreign, rebel fronts - Reuters"
2011-07-27,Highest-paid TV hosts - Reuters
2011-07-27,Norway's Halden prison - Reuters
2011-07-28,3M India April-June net down 9.48 pct - Reuters
2011-07-28,Telefónica retomará salida bolsa Atento cuando mejoren mercados - Reuters
2011-07-29,Funeral for Winehouse - Reuters
2011-07-31,Senate vote unlikely until at least Monday: aide - Reuters
2011-08-02,Astra gets EU okay for aspirin and anti-ulcer drug - Reuters
2011-08-02,Astra gets EU okay for aspirin and anti-ulcer drug - Reuters
2011-08-02,Brazil's Itau Unibanco sees defaults losing steam - Reuters
2011-08-02,SPOT GOLD HITS RECORD $1633.39/OZ AS ECONOMIC WORRIES FEED SAFE - Reuters
2011-08-02,Brazil's Itau Unibanco sees defaults losing steam - Reuters
2011-08-02,SPOT GOLD HITS RECORD $1633.39/OZ AS ECONOMIC WORRIES FEED SAFE - Reuters
2011-08-03,Latin American local debt gains; yields fall - Reuters
2011-08-04,Chemipro Kasei <4960.OS>-2011/12 parent forecast - Reuters
2011-08-04,Mermaid sighting in Hamburg - Reuters
2011-08-05,EEUU permite un antídoto mexicano para la picadura de escorpión - Reuters
2011-08-06,White House adviser slams S&P after U.S. downgrade - Reuters
2011-08-06,White House adviser slams S&P after U.S. downgrade - Reuters
2011-08-08,"Muere a los 48 años Francesco Quinn, hijo de Anthony Quinn - Reuters"
2011-08-08,Baker Hughes awarded LUKOIL Iraq contract - Reuters
2011-08-08,Baker Hughes awarded LUKOIL Iraq contract - Reuters
2011-08-09,لبنان يقدم تقريرا عن الاجراءات لضبط مطلوبين في قضية الحريري - Reuters
2011-08-09,Insiders scooping up battered shares in Aug -2iQ data - Reuters
2011-08-09,Sundrug <9989.T>-1qtr group results - Reuters
2011-08-09,"Cablevision adds fewer Web subs, shares down - Reuters"
2011-08-10,Europe's banks take first step on clearing path - Reuters
2011-08-11,Bomb kills five foreign troops in southern Afghanistan - Reuters
2011-08-11,Madoff trustee sues Abu Dhabi sovereign fund - Reuters
2011-08-11,Baosteel raises main product prices for September - Reuters
2011-08-11,Moody's: Faxtor ABS 2003-1 & 2004-1 ratings unaffected - Reuters
2011-08-11,Gunman killed after Estonian ministry shooting - Reuters
2011-08-13,Madagascar vanilla exports drop vs synthetic rivals - Reuters
2011-08-13,German experts say Greece needs further haircut - Reuters
2011-08-14,Soccer-Champions League offers mixed blessings for Arsenal - Reuters
2011-08-15,Canada tightens sanctions against North Korea - Reuters
2011-08-16,Kiss dropped from Michael Jackson tribute show - Reuters
2011-08-17,Dutch finance minister says against European financial tax - Reuters
2011-08-17,Thomson Reuters acquires US crop forecaster Lanworth - Reuters
2011-08-18,Africa Oil says secures rig for Puntland drilling - Reuters
2011-08-18,Foreign banks pare U.S. commercial paper supply - Reuters
2011-08-18,"Hewlett-Packard Co reporta ganancia 1,10 dlrs por acción - Reuters"
2011-08-18,Africa Oil says secures rig for Puntland drilling - Reuters
2011-08-18,"Hewlett-Packard Co reporta ganancia 1,10 dlrs por acción - Reuters"
2011-08-18,Foreign banks pare U.S. commercial paper supply - Reuters
2011-08-19,Somaliland in port deal with China businessmen - Reuters
2011-08-19,La UEFA abre un procedimiento disciplinario a Arsene Wenger - Reuters
2011-08-22,Depresión tropical Harvey se debilita sobre México - Reuters
2011-08-22,Irene se fortalece a huracán de categoría 2 - Reuters
2011-08-22,Australian firm gets coal mining permit in Tanzania - Reuters
2011-08-22,"UniCreditM, Intesa SP shares higher after opening loss - Reuters"
2011-08-22,Australian firm gets coal mining permit in Tanzania - Reuters
2011-08-22,"UniCreditM, Intesa SP shares higher after opening loss - Reuters"
2011-08-23,Tunisia blocks border amid Libya fighting - Reuters
2011-08-23,UPDATE 4-UBS axes 3500 jobs in cost-cutting push - Reuters
2011-08-23,ThyssenKrupp sells Xervon to Germany's Remondis - Reuters
2011-08-24,Gaddafi flees Tripoli HQ ransacked by rebels - Reuters
2011-08-25,D'Ieteren H1 slips on weaker car window business - Reuters
2011-08-25,South Africa's Libya policy reflects past loyalties - Reuters
2011-08-25,Creepy-looking lubbers make short-lived splash in Southeast - Reuters
2011-08-26,Boehner asks Obama to disclose costly US regulations - Reuters
2011-08-27,More Somali famine victims fleeing to Yemen - UNHCR - Reuters
2011-08-29,Plains plans Tuesday restart for Alberta pipeline - Reuters
2011-08-29,"Muere el hijo de Gadafi Jamis, según rebeldes - Reuters"
2011-08-29,Notting Hill Carnival - Reuters
2011-08-30,Arsenal linked with Germany defender Mertesacker - Reuters
2011-08-31,Regulators open door to tighter grip on Telmex - Reuters
2011-08-31,España ha reducido necesidad financiación en 24% en 2011 - Reuters
2011-08-31,Russian bailiffs confirm searching BP office - Reuters
2011-09-01,BME dice que la negociación subió un 32 por ciento en agosto - Reuters
2011-09-01,BME dice que la negociación subió un 32 por ciento en agosto - Reuters
2011-09-02,"Gene Simmons, líder de Kiss, se casará con su novia de siempre - Reuters"
2011-09-05,European bank shares hit 29-month low - Reuters
2011-09-05,Burning Man festival - Reuters
2011-09-05,Giuliani and Bloomberg: NY mayors linked by Sept 11 - Reuters
2011-09-05,"Djokovic wins marathon tie-break, into quarters - Reuters"
2011-09-05,"Analysis - Islamist videos, populists stir German worries - Reuters"
2011-09-05,"Analysis - Islamist videos, populists stir German worries - Reuters"
2011-09-05,European bank shares hit 29-month low - Reuters
2011-09-05,Burning Man festival - Reuters
2011-09-05,US Open: Djokovic et Federer en quarts de finale - Reuters
2011-09-05,Children of North Korea - Reuters
2011-09-06,TENIS-Tsonga y Simon liderarán a Francia ante España en Davis - Reuters
2011-09-06,Norway freezes Afghanistan aid: report - Reuters
2011-09-06,"Kenya interbank, discount window rates extend fall - Reuters"
2011-09-08,"TSX falls on soft U.S. data, ECB comments - Reuters"
2011-09-09,The face of Mao - Reuters
2011-09-09,Amtech Systems withdraws $60 mln shelf plan - Reuters
2011-09-09,Pizza delivery man was deported to Pakistan post-9/11 - Reuters
2011-09-09,Amtech Systems withdraws $60 mln shelf plan - Reuters
2011-09-11,"HK shrs extend drop to over 4 pct, HSBC weighs - Reuters"
2011-09-11,"La moratoria griega no es tabú, dice ministro alemán de Economía - Reuters"
2011-09-11,"Truck bomb kills 4 Afghans, wounds 77 U.S. troops - Reuters"
2011-09-12,9/11: The memorial - Reuters
2011-09-12,South Africa court finds Malema guilty of hate speech - Reuters
2011-09-13,Miss Universe crowned - Reuters
2011-09-14,MÄRKTE IM BLICK 1-Euro hält Gewinne in Fernost - Reuters
2011-09-14,"Anxiety, over-eagerness caused false start - Bolt - Reuters"
2011-09-15,Benes to become new CEZ chief-outgoing sup board chair - Reuters
2011-09-15,"SNAPSHOT-Wall St opens up on ECB, central banks plan - Reuters"
2011-09-16,Greek man sets himself on fire - Reuters
2011-09-16,Retail holiday hiring flat to down: Challenger - Reuters
2011-09-16,"BAE, Babcock, General Dynamics eye UK defence assets - Reuters"
2011-09-19,Futures off after rally as euro zone fears grow - Reuters
2011-09-20,"Africa can weather crisis, but risks loom: AfDB - Reuters"
2011-09-20,Management Tip of the Day: Set your own standards for success - Reuters
2011-09-20,Polysilicon firm OCI says considers share buyback - Reuters
2011-09-21,Bristol-Myers gains more rights to cancer drug from Ono - Reuters
2011-09-21,"China bans dog-eating ""carnival"" after online uproar - Reuters"
2011-09-21,W.Africa pirates adapt after Nigeria crackdown - Reuters
2011-09-21,Alsim Alarko signs $477 mln construction contract - Reuters
2011-09-21,Bristol-Myers gains more rights to cancer drug from Ono - Reuters
2011-09-21,Alsim Alarko signs $477 mln construction contract - Reuters
2011-09-21,W.Africa pirates adapt after Nigeria crackdown - Reuters
2011-09-21,"China bans dog-eating ""carnival"" after online uproar - Reuters"
2011-09-22,Europe set to move up bank recapitalization plans-FT - Reuters
2011-09-23,Turkey's Vestel announces $116 mln bond buy-back - Reuters
2011-09-23,Hundreds protest in south China over land grab - Reuters
2011-09-23,Texas kills fancy last meal requests on death row - Reuters
2011-09-24,Diplomats owe $17 mln in New York parking fines - Reuters
2011-09-25,Foreign brokers set to buy Japanese stocks - Reuters
2011-09-25,Foreign brokers set to buy Japanese stocks - Reuters
2011-09-26,"Surf's up, dog - Reuters"
2011-09-26,"Kenyan Nobel winner Maathai, saviour of trees, dies - Reuters"
2011-09-26,Selena Gomez será apresentadora do MTV Europe Music Awards - Reuters
2011-09-27,India's ONGC gives nod for Cairn-Vedanta deal-statement - Reuters
2011-09-27,Kaká inspira al Real Madrid en su victoria 3-0 sobre el Ájax - Reuters
2011-09-28,Anglogold to invest $250 mln a year in Brazil - Reuters
2011-09-29,Soccer-Inter v Napoli clash gets added spice - Reuters
2011-09-29,Taka-Q <8166.T>-6-month parent forecast - Reuters
2011-09-29,UBS restructuring banker left the firm - Reuters
2011-09-29,Taka-Q <8166.T>-6-month parent forecast - Reuters
2011-09-29,UBS restructuring banker left the firm - Reuters
2011-09-29,Soccer-Inter v Napoli clash gets added spice - Reuters
2011-09-29,"Nokia to cut 3500 jobs, close Romania plant - Reuters"
2011-09-30,Man arrested in shooting death of Hells Angels boss - Reuters
2011-10-02,Gazprom weighs options after Botas ends gas deal - Reuters
2011-10-02,Intel acquires Israeli mobile navigation firm Telmap - Reuters
2011-10-03,Somalis get life in prison over pirating US vessel - Reuters
2011-10-03,Shell fuelled human rights abuses in Nigeria: NGO - Reuters
2011-10-04,New York State sues BNY Mellon over forex claims - Reuters
2011-10-04,HIGHLIGHTS-ECB's Trichet in European Parliament - Reuters
2011-10-04,"Riciclaggio, sequestri per 130 mln tra Campania, Lazio e Molise - Reuters"
2011-10-05,REFILE-Futures indicate European shares to extend rally - Reuters
2011-10-05,Warrant frontman Jani Lane died of alcohol poisoning - Reuters
2011-10-05,Do patients need to stay the night after stenting? - Reuters
2011-10-06,Remembering Steve Jobs - Reuters
2011-10-07,"Bourse-Veolia Environnement perd 3,44% en ouverture, UBS passe à vendre - Reuters"
2011-10-10,Steve Jobs murió de paro respiratorio y de un tumor - Reuters
2011-10-10,HK student says Jobs tribute logo not copied - Reuters
2011-10-10,Chicago protesters seek exchange tax to fund jobs - Reuters
2011-10-10,Tanzania shilling hits new record low - Reuters
2011-10-10,"Steve Jobs died of respiratory arrest, tumor - Reuters"
2011-10-11,Wal-Mart's Asda opens stores to local groups - Reuters
2011-10-12,Chemical leak in Saudi port city contained: authorities - Reuters
2011-10-12,Chemical leak in Saudi port city contained: authorities - Reuters
2011-10-12,"FUTBOL-Honduras corta racha negativa, gana 2-1 a Jamaica - Reuters"
2011-10-12,"FUTBOL-Honduras corta racha negativa, gana 2-1 a Jamaica - Reuters"
2011-10-13,One room is home to many in India's City of Dreams - Reuters
2011-10-13,"Uniqlo starts U.S. expansion, eyes 200 stores - Reuters"
2011-10-13,"Quake shakes Indonesia's Bali, tourists run from hotels - Reuters"
2011-10-13,Battle for Libyan city exposes Gaddafi decadence - Reuters
2011-10-14,Fragile hope shines in Liberia's slums - Reuters
2011-10-14,Wal-Mart's pork scandal highlights struggles in China - Reuters
2011-10-18,Susan Sarandon calls Pope Benedict a Nazi: report - Reuters
2011-10-18,"Millicom Q3 in line, proposes extra dividend - Reuters"
2011-10-18,Secretaria de Estado EEUU Clinton llega a Libia - Reuters
2011-10-18,SNAPSHOT-Indexes turn positive; financials lead - Reuters
2011-10-18,Clinton in Libya to cement post-Gaddafi ties - Reuters
2011-10-19,The Kabbalah Center: how crucial was Madonna to its rise? - Reuters
2011-10-19,Bollywood Beauties - Reuters
2011-10-19,Excel <7591.T>-6-month group forecast - Reuters
2011-10-19,Humphrey takes on senior scams at $3 billion and counting - Reuters
2011-10-20,"Uno de los hijos de Gadafi muere, otro está rodeado - Reuters"
2011-10-20,"Win or lose, Cardinals' Rhodes gets World Series ring - Reuters"
2011-10-20,"Uno de los hijos de Gadafi muere, otro está rodeado - Reuters"
2011-10-21,VIP travel services: Are the perks worth the cash? - Reuters
2011-10-21,U.N. and activists urge inquiry into Gaddafi death - Reuters
2011-10-21,"Japanese nuclear plant survived tsunami, offers clues on safety - Reuters"
2011-10-21,Dollar at 1-mth month low vs Swiss franc-Reuters data - Reuters
2011-10-21,Scandal-hit Olympus chairman cancels seminar appearance - Reuters
2011-10-24,"Netflix to launch streaming service in UK, Ireland - Reuters"
2011-10-24,"Netflix to launch streaming service in UK, Ireland - Reuters"
2011-10-24,Union Bank July-Sept net up 16.5 pct; lags f'cast - Reuters
2011-10-24,Shunning water linked to high blood sugar - Reuters
2011-10-25,Bangkok's Don Muang airport to close due to floods - Reuters
2011-10-25,World waits for Saudi king to announce new heir - Reuters
2011-10-26,Kobe Elec Railway <9046.OS>-6-month parent - Reuters
2011-10-28,Factbox: Has Obama delivered on his 2008 campaign promises? - Reuters
2011-10-28,"Kirsten Dunst, Orlando Bloom re-team for ""Cities"" - Reuters"
2011-10-28,Big Buddha statue found in Cambodian 'Tomb Raider' temple - Reuters
2011-10-28,Factbox: Has Obama delivered on his 2008 campaign promises? - Reuters
2011-10-28,Liberia's Prince Johnson seeks to bury warlord past - Reuters
2011-10-28,"Kirsten Dunst, Orlando Bloom re-team for ""Cities"" - Reuters"
2011-10-28,Factbox: Has Obama delivered on his 2008 campaign promises? - Reuters
2011-10-28,Liberia's Prince Johnson seeks to bury warlord past - Reuters
2011-10-28,Big Buddha statue found in Cambodian 'Tomb Raider' temple - Reuters
2011-10-28,Polar bear threatens beaver as Canada national symbol - Reuters
2011-10-28,Activists ask Lady Gaga to pose in lettuce dress - Reuters
2011-10-28,Polar bear threatens beaver as Canada national symbol - Reuters
2011-10-28,Activists ask Lady Gaga to pose in lettuce dress - Reuters
2011-10-31,Tunisia issues warrant for Arafat's widow - Reuters
2011-11-02,When is a bet not a bet? A day at the Iran races - Reuters
2011-11-03,Frantic trading before MF Global UK failure - KPMG - Reuters
2011-11-03,Frantic trading before MF Global UK failure - KPMG - Reuters
2011-11-04,Vatican stunned by Irish embassy closure - Reuters
2011-11-04,Biden defends Romney's Mormon faith - Reuters
2011-11-04,Groupon's IPO biggest by U.S. Web company since Google - Reuters
2011-11-04,Heart procedures linked to cognitive decline - Reuters
2011-11-04,Carlos the Jackal back in court over 1980s bombs - Reuters
2011-11-06,J-Power: to start building Thai gas power plant by yr-end - Reuters
2011-11-06,Koken <7963.OS>-9-mth parent results - Reuters
2011-11-07,"""Hell on Wheels"" moves slowly, delivers strong drama - Reuters"
2011-11-08,Missionary Impossible - Mitt Romney's French education - Reuters
2011-11-08,Italy entrepreneur defies mafia with tuna and ice cream - Reuters
2011-11-08,Shakira receives star on Hollywood Walk of Fame - Reuters
2011-11-09,WestJet eyes C$100 mln/yr in code-share revenues - Reuters
2011-11-09,Georgia voters approve alcohol retail sales on Sundays - Reuters
2011-11-10,Mariah Carey hid pregnant body from hubby Cannon - Reuters
2011-11-10,Remix Point <3825.T>-6-month parent forecast - Reuters
2011-11-10,EDF reduces nuclear plant output for refuelling - Reuters
2011-11-10,"Obama ""body man"" Reggie Love leaving White House - Reuters"
2011-11-11,CANADA FX-C$ stronger in thin markets on Europe optimism - Reuters
2011-11-11,Vogue labels Olsen twins best dressed sisters - Reuters
2011-11-11,Israeli army says accidentally kills West Bank settler - Reuters
2011-11-11,"Piers Morgan leaving ""America's Got Talent"" - Reuters"
2011-11-11,Vogue labels Olsen twins best dressed sisters - Reuters
2011-11-11,Worst of Alaska storm over but more surges expected - Reuters
2011-11-13,Arab League suspends Syria as global pressure rises - Reuters
2011-11-14,"Credit union regulator settles with Citi, Deutsche - Reuters"
2011-11-14,"Cray wins $188 million deal to build supercomputer, shares up - Reuters"
2011-11-15,Pakistan widens trade with India as ties improve - Reuters
2011-11-15,Antidepressant shows early promise for meth abuse - Reuters
2011-11-15,Pakistan widens trade with India as ties improve - Reuters
2011-11-15,Pakistani girls defy Taliban school bombings - Reuters
2011-11-16,Did U.S. troops bring democracy? Iraqis have doubts - Reuters
2011-11-17,When does pregnancy begin? Doctors disagree - Reuters
2011-11-17,Vatican takes legal action over Benetton pope kiss ad - Reuters
2011-11-17,Texas child psychiatrist fired over alleged abuse - Reuters
2011-11-17,BillGuard seeks out fraudulent credit card charges that slip by - Reuters
2011-11-17,Transgender people murdered as world resists change - Reuters
2011-11-17,NBNK continuing to focus on Lloyds branch bid - Reuters
2011-11-18,Indian rupee to fall past 51/dlr to near 32-mo low - Reuters
2011-11-20,Federer empiezael torneo de Londres ganando a un luchador Tsonga - Reuters
2011-11-21,Private equity pioneer Ted Forstmann dies at 71 - Reuters
2011-11-21,Beckham lifts MLS trophy - Reuters
2011-11-21,Underweight people at higher post-surgery risk: study - Reuters
2011-11-21,"Woman disappears after ""The People's Court"" argument airs - Reuters"
2011-11-22,Former Obama fundraiser Rezko gets 10-year sentence - Reuters
2011-11-22,Crosby spectacular in long-awaited comeback - Reuters
2011-11-22,"Keira Knightley details her hysteria in ""Dangerous Method"" - Reuters"
2011-11-23,Berdych gets lucky to beat Tipsarevic - Reuters
2011-11-23,Berdych gets lucky to beat Tipsarevic - Reuters
2011-11-24,"In Greece, loan sharks compound the pain - Reuters"
2011-11-24,Gaddafi son needs surgery on gangrenous fingers: doctor - Reuters
2011-11-25,Arms smugglers thrive on Syrian uprising - Reuters
2011-11-25,Doctor brain drain costs Africa $2 billion - Reuters
2011-11-25,Una máquina imprime carteles de saludo en un aeropuerto holandés - Reuters
2011-11-25,U.S. withdrawal from Iraq: Eight years worth of stuff - Reuters
2011-11-25,Huge Macy's parade crowd for bizarre giant balloons - Reuters
2011-11-27,Wyclef Jean squandered Haitian relief funds: report - Reuters
2011-11-29,Iran regrets UK embassy attack in Tehran: report - Reuters
2011-11-30,"A Minute With: Michael Fassbender on sex and ""Shame"" - Reuters"
2011-11-30,覆面介入の可能性、申し上げられない＝安住財務相 - Reuters
2011-11-30,American Airlines workers face pension plight - Reuters
2011-11-30,Harinordoquy's over-protective father causes stir in rugby derby - Reuters
2011-12-01,"《全球市场》亚洲股市一个月来或首次按周上涨,关注欧元区峰会 - Reuters"
2011-12-01,ＪＲ東日本<9020.T>、15年・200億円のＳＢ発行条件を決定＝利率1.633％ - Reuters
2011-12-02,"〔标题新闻〕ECB执委史塔克称急需找到欧债危机解决办法,否则将造成广泛的宏观经济和金融灾难 - Reuters"
2011-12-02,"17名叙利亚人进阿盟禁行""黑名单"" - Reuters"
2011-12-02,Michael Kors Holdings IPO values co at $3.63 billion - Reuters
2011-12-02,Michael Kors Holdings IPO values co at $3.63 billion - Reuters
2011-12-02,"17名叙利亚人进阿盟禁行""黑名单"" - Reuters"
2011-12-02,"〔标题新闻〕ECB执委史塔克称急需找到欧债危机解决办法,否则将造成广泛的宏观经济和金融灾难 - Reuters"
2011-12-03,Texas drought leaves heartbreaking toll of abandoned horses - Reuters
2011-12-05,"〔美国热股〕eBay劲扬逾4%,此前分析师因看好节假日销售而上调其评级 - Reuters"
2011-12-05,Putin's macho image - Reuters
2011-12-05,米ＦＲＢ、49億ドルの国債買い入れを実施 - Reuters
2011-12-05,N.Sea field development seen costing NOK 3.1 bln -Statoil - Reuters
2011-12-06,American Airlines parent taps restructuring executive - Reuters
2011-12-06,奇虎否认营收模式存在欺诈或误导 - Reuters
2011-12-06,奇虎否认营收模式存在欺诈或误导 - Reuters
2011-12-06,American Airlines parent taps restructuring executive - Reuters
2011-12-07,〔投行观点〕瑞信给予Arch初始评级为中性 - Reuters
2011-12-07,Special report: Callista Gingrich - The ultimate running mate - Reuters
2011-12-07,"〔标题新闻〕意大利10月经季节调整的工业生产较前月下滑0.9%,较上年同期下滑4.2% - Reuters"
2011-12-07,Factbox: Filmography for Harry Morgan - Reuters
2011-12-08,ＬＣＨクリアネットとＣＣ＆Ｇ、イタリア国債取引の証拠金比率を引き下げ - Reuters
2011-12-08,シドニー株式市場・大引け＝続落、ＥＵ首脳会議への疑念高まる - Reuters
2011-12-09,〔投行观点〕Baird将GSI Technology 目标价从6美元下调至5美元 - Reuters
2011-12-11,申花签下法国前锋阿内尔卡 - Reuters
2011-12-12,Australia may opt for early Afghan pullout - Reuters
2011-12-13,Alleged Gene Simmons website hacker arrested - Reuters
2011-12-13,World Chefs: Vetri shows passion for rustic Italian food - Reuters
2011-12-13,Gun accidentally fired at Atlanta airport checkpoint - Reuters
2011-12-13,Exclusive: Cuba targets military firm in corruption probe - Reuters
2011-12-14,Kids' leukemia risk tied to dads' smoking - Reuters
2011-12-14,Killer of Serbia's Arkan held in S.Africa: report - Reuters
2011-12-14,Coca-Cola buying stake in Saudi drink company - Reuters
2011-12-14,Hermes family finalises holding to prevent takeover - Reuters
2011-12-14,American Airlines' $30 mln London town house - Reuters
2011-12-14,American Airlines' $30 mln London town house - Reuters
2011-12-14,Coca-Cola buying stake in Saudi drink company - Reuters
2011-12-14,Hermes family finalises holding to prevent takeover - Reuters
2011-12-14,Kids' leukemia risk tied to dads' smoking - Reuters
2011-12-15,米共和党が9150億ドル規模の支出法案提出、政府機関の閉鎖回避へ - Reuters
2011-12-15,"Time names ""The Protester"" 2011 Person of the Year - Reuters"
2011-12-17,Singer Etta James terminally ill - Reuters
2011-12-18,"North Korean leader Kim Jong-il dead, son hailed as heir - Reuters"
2011-12-18,Overstretched drone pilots face stress risk - Reuters
2011-12-19,〔投行观点〕KBW将Genworth Financial目标价自9美元下调至8美元 - Reuters
2011-12-19,〔投行观点〕KBW将Lincoln National目标价从24美元上调至28美元 - Reuters
2011-12-19,〔投行观点〕巴克莱将Hercules Offshore目标价从3美元上调至4美元 - Reuters
2011-12-20,"〔标题新闻〕穆迪称英国保持其AAA评级的能力下降,但更多撙节举措表明政府致力於财政整固 - Reuters"
2011-12-20,Bard to buy Lutonix for $225 million - Reuters
2011-12-21,Australia's QR National in ten year coal haul contract with Rio - Reuters
2011-12-22,"Zhang, Bale blossom together on ""Flowers of War"" - Reuters"
2011-12-22,Special Report: The watchdogs that didn't bark - Reuters
2011-12-22,俄罗斯总统提议全面改革政治体系 - Reuters
2011-12-22,"〔东南亚股市〕多数持平或下跌,因短线投资者锁定利润 - Reuters"
2011-12-22,"〔标题新闻〕意大利10月经季节调整後零售销售较上月升0.1%,为半年来首次增长--ISTAT - Reuters"
2011-12-22,Special Report: The watchdogs that didn't bark - Reuters
2011-12-23,Trump leaves Republican Party after debate snub - Reuters
2011-12-23,"Tyler, The Creator arrested for vandalism - Reuters"
2011-12-23,"Mel Gibson, wife finalize divorce - Reuters"
2011-12-23,The Gaddafi oil papers - Reuters
2011-12-23,The Gaddafi oil papers - Reuters
2011-12-25,"Lawyer Morvillo, Martha Stewart defender, dies - Reuters"
2011-12-26,Nigerian leaders rapped after Islamists attack churches - Reuters
